申請ID,申請日,申請者社員ID,案件コード,変更種別,影響度,ステータス
B0001,2025-11-04,E102,P006,図面修正,高,承認待ち
B0002,2025-03-24,E102,P006,仕様変更,低,却下
B0003,2025-01-01,E102,P002,部品変更,低,申請中
B0004,2025-09-07,E108,P004,部品変更,中,承認済
B0005,2025-01-25,E103,P006,コスト変更,中,承認済
B0006,2025-03-07,E105,P001,仕様変更,中,申請中
B0007,2025-06-28,E105,P005,図面修正,高,却下
B0008,2025-09-04,E106,P001,図面修正,低,承認済
B0009,2025-10-07,E102,P001,部品変更,中,申請中
B0010,2025-04-28,E102,P004,図面修正,中,承認済
B0011,2025-03-12,E105,P002,図面修正,低,申請中
B0012,2025-10-21,E103,P005,部品変更,高,却下
B0013,2025-07-09,E108,P002,図面修正,高,承認待ち
B0014,2025-01-26,E105,P004,図面修正,高,承認待ち
B0015,2025-10-23,E105,P002,コスト変更,中,却下
B0016,2025-03-09,E103,P002,図面修正,低,却下
B0017,2025-10-13,E105,P002,部品変更,低,却下
B0018,2025-02-25,E102,P001,部品変更,低,承認待ち
B0019,2025-11-14,E108,P001,コスト変更,中,却下
B0020,2025-09-09,E108,P001,仕様変更,低,承認済
B0021,2025-11-11,E102,P003,コスト変更,高,却下
B0022,2025-01-24,E105,P005,部品変更,低,申請中
B0023,2025-11-10,E108,P005,部品変更,高,承認済
B0024,2025-03-18,E108,P001,図面修正,中,申請中
B0025,2025-02-12,E105,P002,仕様変更,高,申請中
B0026,2025-02-24,E106,P001,部品変更,高,却下
B0027,2025-09-06,E105,P005,コスト変更,高,承認待ち
B0028,2025-12-10,E106,P006,図面修正,中,却下
B0029,2025-02-08,E103,P001,図面修正,高,承認待ち
B0030,2025-10-08,E102,P001,仕様変更,高,申請中
B0031,2025-01-28,E105,P001,部品変更,中,却下
B0032,2025-04-18,E103,P006,コスト変更,高,却下
B0033,2025-07-07,E102,P001,コスト変更,中,却下
B0034,2025-07-15,E102,P006,仕様変更,高,却下
B0035,2025-12-11,E102,P002,部品変更,高,却下
B0036,2025-03-14,E103,P003,コスト変更,高,申請中
B0037,2025-08-26,E108,P001,仕様変更,低,申請中
B0038,2025-02-25,E103,P002,コスト変更,中,却下
B0039,2025-04-28,E106,P001,部品変更,中,申請中
B0040,2025-07-09,E106,P003,コスト変更,低,却下
B0041,2025-03-07,E105,P002,仕様変更,低,申請中
B0042,2025-12-11,E102,P001,コスト変更,低,承認待ち
B0043,2025-01-17,E102,P002,仕様変更,低,申請中
B0044,2025-11-28,E103,P004,仕様変更,低,承認待ち
B0045,2025-10-20,E102,P005,仕様変更,中,承認済
B0046,2025-05-07,E105,P002,図面修正,中,承認待ち
B0047,2025-11-21,E105,P004,図面修正,高,申請中
B0048,2025-08-20,E108,P001,仕様変更,低,承認待ち
B0049,2025-09-09,E103,P003,仕様変更,高,承認済
B0050,2025-05-06,E106,P005,図面修正,低,申請中
B0051,2025-11-27,E108,P003,仕様変更,高,承認済
B0052,2025-02-04,E108,P002,図面修正,中,承認待ち
B0053,2025-12-11,E103,P006,図面修正,低,却下
B0054,2025-05-28,E102,P001,コスト変更,中,申請中
B0055,2025-01-11,E103,P006,図面修正,高,却下
B0056,2025-09-23,E106,P005,仕様変更,高,申請中
B0057,2025-12-05,E108,P001,図面修正,低,承認待ち
B0058,2025-07-05,E102,P003,図面修正,高,承認済
B0059,2025-04-22,E103,P006,仕様変更,中,却下
B0060,2025-10-24,E103,P002,部品変更,高,却下
B0061,2025-01-06,E105,P004,部品変更,中,承認待ち
B0062,2025-12-04,E106,P001,コスト変更,高,承認待ち
B0063,2025-08-12,E105,P002,部品変更,高,承認待ち
B0064,2025-07-11,E105,P001,図面修正,中,却下
B0065,2025-11-27,E108,P003,仕様変更,高,承認済
B0066,2025-03-19,E105,P001,仕様変更,低,却下
B0067,2025-06-24,E105,P004,仕様変更,中,承認待ち
B0068,2025-05-02,E106,P001,部品変更,中,却下
B0069,2025-02-22,E105,P005,図面修正,低,申請中
B0070,2025-12-10,E108,P003,コスト変更,中,却下
B0071,2025-12-10,E108,P002,部品変更,中,却下
B0072,2025-11-24,E103,P005,図面修正,中,申請中
B0073,2025-05-10,E103,P004,図面修正,中,却下
B0074,2025-08-22,E103,P005,コスト変更,低,承認待ち
B0075,2025-11-03,E105,P005,図面修正,高,承認待ち
B0076,2025-11-10,E103,P002,部品変更,高,申請中
B0077,2025-04-16,E108,P001,コスト変更,中,承認待ち
B0078,2025-12-23,E106,P004,コスト変更,高,承認待ち
B0079,2025-11-23,E102,P001,コスト変更,高,承認待ち
B0080,2025-12-17,E106,P001,部品変更,高,却下
B0081,2025-03-26,E106,P006,図面修正,中,却下
B0082,2025-09-15,E103,P006,コスト変更,中,承認済
B0083,2025-04-27,E105,P005,コスト変更,低,承認待ち
B0084,2025-05-15,E102,P006,図面修正,高,承認済
B0085,2025-06-11,E108,P001,部品変更,高,承認待ち
B0086,2025-07-23,E103,P006,部品変更,高,却下
B0087,2025-07-11,E108,P004,コスト変更,高,承認待ち
B0088,2025-07-13,E108,P006,仕様変更,低,却下
B0089,2025-08-01,E105,P003,コスト変更,中,承認待ち
B0090,2025-08-08,E105,P004,コスト変更,高,却下
B0091,2025-06-22,E106,P006,部品変更,中,承認待ち
B0092,2025-10-18,E102,P004,仕様変更,高,却下
B0093,2025-03-28,E106,P002,仕様変更,中,却下
B0094,2025-06-07,E106,P003,図面修正,中,承認済
B0095,2025-07-09,E102,P004,仕様変更,低,申請中
B0096,2025-06-08,E102,P006,仕様変更,高,承認待ち
B0097,2025-04-27,E102,P005,部品変更,高,承認待ち
B0098,2025-08-22,E102,P005,部品変更,中,承認済
B0099,2025-06-06,E108,P005,仕様変更,高,承認済
B0100,2025-02-19,E102,P003,コスト変更,中,承認待ち
B0101,2025-02-19,E103,P001,図面修正,低,申請中
B0102,2025-10-26,E102,P003,コスト変更,低,承認済
B0103,2025-02-17,E105,P001,コスト変更,中,申請中
B0104,2025-07-12,E106,P006,部品変更,中,承認待ち
B0105,2025-12-17,E105,P005,コスト変更,中,却下
B0106,2025-12-19,E105,P003,部品変更,高,承認済
B0107,2025-08-08,E106,P005,コスト変更,中,申請中
B0108,2025-08-28,E105,P002,コスト変更,高,承認済
B0109,2025-05-11,E105,P005,図面修正,低,申請中
B0110,2025-09-07,E102,P002,コスト変更,中,承認待ち
B0111,2025-12-16,E106,P004,仕様変更,高,承認済
B0112,2025-04-13,E103,P003,図面修正,中,承認済
B0113,2025-07-24,E108,P003,図面修正,低,却下
B0114,2025-05-10,E105,P002,仕様変更,低,承認待ち
B0115,2025-06-04,E108,P006,部品変更,高,承認待ち
B0116,2025-12-16,E105,P006,図面修正,高,承認待ち
B0117,2025-05-08,E105,P002,図面修正,高,承認待ち
B0118,2025-05-02,E102,P005,図面修正,低,承認待ち
B0119,2025-11-28,E106,P001,仕様変更,低,承認済
B0120,2025-08-16,E106,P003,部品変更,高,承認済
B0121,2025-08-04,E102,P004,コスト変更,高,申請中
B0122,2025-03-05,E108,P003,仕様変更,高,申請中
B0123,2025-09-25,E106,P005,部品変更,低,却下
B0124,2025-08-15,E105,P005,コスト変更,中,申請中
B0125,2025-10-24,E102,P002,部品変更,中,申請中
B0126,2025-03-08,E103,P005,仕様変更,高,申請中
B0127,2025-07-15,E108,P004,図面修正,高,承認待ち
B0128,2025-05-23,E105,P006,コスト変更,高,承認待ち
B0129,2025-05-26,E108,P006,部品変更,中,申請中
B0130,2025-09-08,E103,P003,部品変更,高,申請中
B0131,2025-03-26,E105,P005,図面修正,中,申請中
B0132,2025-08-23,E105,P006,コスト変更,中,却下
B0133,2025-08-03,E108,P001,コスト変更,低,承認済
B0134,2025-10-09,E102,P001,部品変更,低,申請中
B0135,2025-11-27,E105,P005,仕様変更,高,却下
B0136,2025-09-21,E106,P003,部品変更,低,却下
B0137,2025-11-27,E106,P001,コスト変更,中,却下
B0138,2025-06-11,E102,P002,図面修正,中,却下
B0139,2025-05-22,E106,P005,仕様変更,中,申請中
B0140,2025-06-09,E105,P001,コスト変更,低,申請中
B0141,2025-11-28,E108,P004,コスト変更,高,承認待ち
B0142,2025-09-12,E108,P004,コスト変更,高,承認待ち
B0143,2025-05-18,E103,P003,コスト変更,低,却下
B0144,2025-02-01,E108,P002,部品変更,中,申請中
B0145,2025-09-14,E102,P002,仕様変更,中,申請中
B0146,2025-11-27,E103,P004,図面修正,低,承認済
B0147,2025-07-27,E106,P004,部品変更,中,承認待ち
B0148,2025-07-07,E108,P005,部品変更,高,承認済
B0149,2025-07-11,E108,P003,仕様変更,中,承認済
B0150,2025-10-19,E106,P002,コスト変更,低,却下
B0151,2025-06-11,E108,P005,コスト変更,中,承認済
B0152,2025-04-23,E103,P005,コスト変更,高,却下
B0153,2025-01-11,E106,P006,コスト変更,中,承認待ち
B0154,2025-08-02,E103,P005,図面修正,高,却下
B0155,2025-02-17,E106,P001,部品変更,中,承認待ち
B0156,2025-02-16,E105,P003,コスト変更,低,申請中
B0157,2025-06-28,E108,P004,図面修正,低,却下
B0158,2025-09-02,E108,P001,部品変更,低,承認済
B0159,2025-04-24,E102,P004,仕様変更,低,申請中
B0160,2025-08-06,E105,P001,仕様変更,中,申請中
B0161,2025-05-12,E105,P004,部品変更,高,却下
B0162,2025-10-22,E103,P002,部品変更,高,却下
B0163,2025-10-22,E103,P004,部品変更,高,却下
B0164,2025-11-09,E106,P003,仕様変更,中,承認済
B0165,2025-11-18,E103,P001,コスト変更,中,承認済
B0166,2025-11-14,E105,P004,図面修正,高,却下
B0167,2025-08-04,E103,P004,図面修正,低,承認済
B0168,2025-12-10,E102,P006,コスト変更,中,申請中
B0169,2025-10-28,E102,P005,コスト変更,中,承認待ち
B0170,2025-10-26,E105,P002,部品変更,低,承認済
B0171,2025-11-25,E103,P006,仕様変更,低,申請中
B0172,2025-05-26,E106,P001,図面修正,低,承認待ち
B0173,2025-02-10,E105,P006,コスト変更,高,承認待ち
B0174,2025-03-26,E108,P003,図面修正,高,承認済
B0175,2025-08-26,E105,P006,図面修正,高,却下
B0176,2025-02-05,E103,P006,コスト変更,低,承認済
B0177,2025-02-26,E106,P001,図面修正,低,申請中
B0178,2025-08-12,E105,P005,コスト変更,低,承認済
B0179,2025-02-22,E103,P004,仕様変更,低,承認済
B0180,2025-10-08,E102,P006,コスト変更,低,承認済
B0181,2025-11-14,E102,P002,仕様変更,高,承認済
B0182,2025-08-04,E102,P002,部品変更,中,却下
B0183,2025-06-22,E108,P004,部品変更,中,申請中
B0184,2025-08-20,E106,P003,仕様変更,低,承認済
B0185,2025-04-15,E106,P002,図面修正,高,承認済
B0186,2025-09-21,E105,P001,コスト変更,中,承認待ち
B0187,2025-02-28,E106,P001,部品変更,低,申請中
B0188,2025-01-26,E105,P002,部品変更,低,承認待ち
B0189,2025-02-27,E108,P002,部品変更,高,承認済
B0190,2025-03-26,E108,P001,図面修正,高,承認待ち
B0191,2025-09-09,E103,P001,仕様変更,高,申請中
B0192,2025-06-26,E103,P005,図面修正,高,承認待ち
B0193,2025-05-02,E103,P006,コスト変更,低,申請中
B0194,2025-12-03,E106,P004,図面修正,低,申請中
B0195,2025-08-17,E103,P005,仕様変更,低,承認済
B0196,2025-08-21,E102,P001,コスト変更,中,却下
B0197,2025-11-04,E106,P006,コスト変更,高,申請中
B0198,2025-06-20,E103,P001,部品変更,中,承認済
B0199,2025-07-20,E108,P003,コスト変更,低,却下
B0200,2025-02-26,E102,P006,部品変更,中,却下
B0201,2025-04-14,E105,P004,コスト変更,中,申請中
B0202,2025-06-14,E105,P006,図面修正,中,承認待ち
B0203,2025-11-16,E102,P001,仕様変更,高,却下
B0204,2025-02-24,E105,P002,仕様変更,低,承認済
B0205,2025-11-04,E106,P003,コスト変更,低,申請中
B0206,2025-05-20,E105,P003,仕様変更,低,承認待ち
B0207,2025-03-22,E106,P002,仕様変更,中,承認済
B0208,2025-02-25,E105,P005,部品変更,中,申請中
B0209,2025-10-22,E105,P001,部品変更,中,承認済
B0210,2025-06-12,E102,P002,部品変更,低,却下
B0211,2025-02-05,E102,P001,部品変更,中,却下
B0212,2025-08-11,E103,P003,図面修正,低,承認済
B0213,2025-10-20,E102,P001,部品変更,高,申請中
B0214,2025-11-03,E105,P004,コスト変更,中,却下
B0215,2025-07-09,E103,P005,仕様変更,中,却下
B0216,2025-02-10,E108,P004,図面修正,高,承認待ち
B0217,2025-07-20,E102,P001,部品変更,中,承認待ち
B0218,2025-03-25,E105,P003,図面修正,高,申請中
B0219,2025-08-24,E106,P002,部品変更,中,承認待ち
B0220,2025-09-18,E105,P001,コスト変更,低,申請中
B0221,2025-07-01,E106,P001,図面修正,低,却下
B0222,2025-10-13,E106,P003,仕様変更,中,申請中
B0223,2025-06-06,E108,P004,図面修正,高,却下
B0224,2025-02-08,E106,P005,コスト変更,低,申請中
B0225,2025-07-28,E105,P006,図面修正,高,承認済
B0226,2025-03-03,E108,P006,仕様変更,低,承認待ち
B0227,2025-06-12,E103,P002,仕様変更,高,承認済
B0228,2025-04-06,E108,P002,仕様変更,高,却下
B0229,2025-08-25,E108,P005,コスト変更,低,承認済
B0230,2025-11-11,E103,P004,仕様変更,中,却下
B0231,2025-11-10,E105,P005,仕様変更,中,申請中
B0232,2025-05-15,E106,P001,仕様変更,中,承認済
B0233,2025-02-21,E102,P005,コスト変更,中,申請中
B0234,2025-08-26,E108,P006,部品変更,中,却下
B0235,2025-09-05,E102,P004,仕様変更,中,申請中
B0236,2025-09-21,E103,P001,部品変更,低,却下
B0237,2025-08-17,E108,P005,部品変更,中,承認済
B0238,2025-05-13,E106,P003,仕様変更,低,承認済
B0239,2025-02-11,E102,P005,コスト変更,中,承認済
B0240,2025-12-28,E108,P002,図面修正,高,承認待ち
B0241,2025-06-10,E106,P002,仕様変更,中,却下
B0242,2025-11-26,E105,P002,仕様変更,低,却下
B0243,2025-09-12,E102,P003,図面修正,高,承認待ち
B0244,2025-06-25,E106,P002,部品変更,高,承認待ち
B0245,2025-02-10,E102,P005,仕様変更,低,承認済
B0246,2025-10-05,E108,P004,部品変更,高,承認待ち
B0247,2025-12-25,E108,P002,コスト変更,高,却下
B0248,2025-06-22,E103,P004,図面修正,低,却下
B0249,2025-04-18,E103,P003,コスト変更,高,承認済
B0250,2025-11-19,E106,P004,図面修正,中,却下
B0251,2025-03-27,E103,P005,部品変更,中,申請中
B0252,2025-11-16,E105,P005,仕様変更,低,申請中
B0253,2025-05-03,E103,P003,コスト変更,低,承認待ち
B0254,2025-07-03,E103,P004,図面修正,高,却下
B0255,2025-01-13,E108,P003,部品変更,中,申請中
B0256,2025-06-08,E102,P003,仕様変更,低,承認済
B0257,2025-03-05,E102,P003,コスト変更,低,承認待ち
B0258,2025-12-16,E106,P005,仕様変更,高,申請中
B0259,2025-05-07,E103,P005,コスト変更,高,承認済
B0260,2025-04-10,E102,P001,部品変更,中,却下
B0261,2025-02-04,E106,P005,仕様変更,低,承認待ち
B0262,2025-12-05,E105,P004,仕様変更,低,承認済
B0263,2025-04-19,E106,P002,仕様変更,低,承認済
B0264,2025-02-17,E108,P005,仕様変更,中,却下
B0265,2025-01-21,E106,P003,図面修正,低,申請中
B0266,2025-06-26,E102,P003,部品変更,低,申請中
B0267,2025-10-24,E105,P002,仕様変更,中,承認済
B0268,2025-11-06,E106,P006,コスト変更,低,承認待ち
B0269,2025-03-03,E106,P001,図面修正,高,申請中
B0270,2025-04-02,E105,P003,コスト変更,低,却下
B0271,2025-05-02,E103,P003,図面修正,高,承認済
B0272,2025-05-04,E105,P004,コスト変更,低,却下
B0273,2025-07-11,E103,P004,コスト変更,中,承認済
B0274,2025-02-24,E106,P001,コスト変更,低,承認待ち
B0275,2025-09-10,E105,P001,仕様変更,中,承認済
B0276,2025-05-15,E108,P006,コスト変更,高,却下
B0277,2025-06-15,E102,P006,図面修正,低,却下
B0278,2025-05-21,E102,P001,コスト変更,中,承認待ち
B0279,2025-01-05,E108,P006,コスト変更,高,承認待ち
B0280,2025-02-08,E105,P003,コスト変更,低,申請中
B0281,2025-10-05,E106,P003,図面修正,中,申請中
B0282,2025-10-05,E108,P003,コスト変更,中,承認済
B0283,2025-04-04,E102,P006,部品変更,中,却下
B0284,2025-09-04,E105,P003,コスト変更,高,承認済
B0285,2025-12-16,E103,P001,部品変更,高,却下
B0286,2025-03-23,E106,P001,図面修正,低,承認済
B0287,2025-12-03,E108,P005,図面修正,中,承認待ち
B0288,2025-12-23,E103,P003,部品変更,高,承認待ち
B0289,2025-03-08,E106,P001,図面修正,低,承認済
B0290,2025-08-26,E108,P002,仕様変更,高,承認済
B0291,2025-07-23,E106,P005,コスト変更,中,申請中
B0292,2025-03-11,E102,P004,コスト変更,低,承認済
B0293,2025-03-27,E108,P006,部品変更,高,却下
B0294,2025-09-28,E102,P001,部品変更,中,承認待ち
B0295,2025-03-11,E103,P003,図面修正,高,承認済
B0296,2025-04-21,E108,P003,部品変更,低,承認済
B0297,2025-10-18,E102,P005,部品変更,低,承認待ち
B0298,2025-03-22,E108,P006,図面修正,低,申請中
B0299,2025-01-03,E102,P006,図面修正,低,承認待ち
B0300,2025-10-14,E108,P006,仕様変更,中,承認済
B0301,2025-11-10,E106,P002,コスト変更,中,却下
B0302,2025-02-23,E102,P002,コスト変更,中,却下
B0303,2025-08-07,E105,P005,部品変更,中,承認済
B0304,2025-12-28,E105,P004,部品変更,中,申請中
B0305,2025-06-08,E106,P001,図面修正,中,承認待ち
B0306,2025-03-04,E102,P003,コスト変更,低,却下
B0307,2025-04-28,E103,P003,図面修正,高,承認待ち
B0308,2025-08-17,E106,P004,図面修正,中,申請中
B0309,2025-02-13,E108,P004,部品変更,高,承認済
B0310,2025-01-02,E105,P004,コスト変更,中,申請中
B0311,2025-02-14,E103,P003,図面修正,中,承認済
B0312,2025-01-13,E102,P005,部品変更,中,承認済
B0313,2025-02-13,E108,P004,図面修正,低,申請中
B0314,2025-03-04,E106,P003,図面修正,低,承認済
B0315,2025-03-07,E108,P005,コスト変更,低,申請中
B0316,2025-01-02,E103,P006,図面修正,中,却下
B0317,2025-03-20,E108,P002,図面修正,低,承認済
B0318,2025-03-13,E108,P006,図面修正,低,承認済
B0319,2025-09-27,E108,P005,コスト変更,低,承認済
B0320,2025-08-27,E102,P003,図面修正,低,申請中
B0321,2025-07-19,E105,P006,仕様変更,低,却下
B0322,2025-05-21,E108,P005,部品変更,低,申請中
B0323,2025-10-16,E103,P005,コスト変更,高,承認待ち
B0324,2025-01-19,E102,P002,仕様変更,中,承認済
B0325,2025-07-05,E106,P006,部品変更,中,却下
B0326,2025-12-24,E102,P006,部品変更,低,承認待ち
B0327,2025-09-11,E106,P005,コスト変更,中,承認待ち
B0328,2025-08-18,E105,P005,図面修正,低,承認済
B0329,2025-10-16,E103,P002,図面修正,低,承認済
B0330,2025-04-10,E105,P006,部品変更,低,却下
B0331,2025-06-16,E105,P005,図面修正,中,申請中
B0332,2025-10-22,E108,P004,コスト変更,中,承認待ち
B0333,2025-05-02,E105,P006,仕様変更,中,却下
B0334,2025-11-09,E106,P002,部品変更,低,承認済
B0335,2025-09-23,E105,P002,仕様変更,低,承認待ち
B0336,2025-04-02,E108,P002,部品変更,高,申請中
B0337,2025-07-11,E106,P001,部品変更,高,承認待ち
B0338,2025-07-21,E106,P004,部品変更,中,承認済
B0339,2025-05-21,E102,P001,部品変更,低,申請中
B0340,2025-03-14,E103,P001,コスト変更,中,承認待ち
B0341,2025-12-28,E105,P001,仕様変更,中,申請中
B0342,2025-06-10,E106,P006,コスト変更,高,却下
B0343,2025-05-07,E102,P003,部品変更,低,却下
B0344,2025-11-09,E103,P001,図面修正,中,承認待ち
B0345,2025-03-20,E106,P004,図面修正,高,却下
B0346,2025-11-04,E103,P002,コスト変更,中,承認待ち
B0347,2025-01-09,E106,P002,コスト変更,中,承認済
B0348,2025-05-19,E108,P001,図面修正,低,承認済
B0349,2025-12-08,E102,P006,仕様変更,中,承認済
B0350,2025-03-13,E108,P006,図面修正,低,申請中
B0351,2025-11-10,E105,P005,部品変更,高,承認待ち
B0352,2025-08-05,E106,P006,図面修正,中,却下
B0353,2025-09-26,E103,P002,仕様変更,低,却下
B0354,2025-09-23,E105,P001,仕様変更,高,承認待ち
B0355,2025-10-18,E103,P002,図面修正,低,却下
B0356,2025-02-22,E103,P006,コスト変更,高,却下
B0357,2025-01-15,E103,P005,コスト変更,中,申請中
B0358,2025-09-15,E105,P006,仕様変更,中,承認済
B0359,2025-01-24,E103,P005,仕様変更,高,却下
B0360,2025-06-23,E102,P005,仕様変更,高,却下
B0361,2025-01-10,E106,P002,部品変更,低,却下
B0362,2025-06-13,E106,P004,コスト変更,高,承認待ち
B0363,2025-11-28,E105,P001,部品変更,低,却下
B0364,2025-09-05,E103,P001,仕様変更,中,却下
B0365,2025-11-24,E108,P004,コスト変更,高,承認待ち
B0366,2025-08-12,E103,P003,部品変更,低,申請中
B0367,2025-01-26,E106,P005,仕様変更,高,承認待ち
B0368,2025-02-04,E108,P001,コスト変更,低,申請中
B0369,2025-04-24,E102,P004,コスト変更,高,承認待ち
B0370,2025-01-05,E108,P003,部品変更,低,承認済
B0371,2025-10-20,E105,P002,図面修正,高,承認待ち
B0372,2025-07-10,E105,P001,部品変更,低,却下
B0373,2025-09-16,E102,P003,コスト変更,低,承認済
B0374,2025-12-14,E106,P002,図面修正,中,承認待ち
B0375,2025-09-16,E103,P002,図面修正,低,承認待ち
B0376,2025-08-02,E108,P004,コスト変更,低,承認待ち
B0377,2025-07-08,E105,P002,図面修正,低,申請中
B0378,2025-08-28,E105,P001,部品変更,高,承認済
B0379,2025-07-22,E108,P005,仕様変更,高,承認待ち
B0380,2025-10-24,E108,P002,コスト変更,高,承認済
B0381,2025-05-01,E103,P002,仕様変更,低,却下
B0382,2025-04-23,E108,P006,部品変更,中,承認待ち
B0383,2025-09-11,E105,P004,コスト変更,低,承認済
B0384,2025-05-09,E105,P005,コスト変更,中,申請中
B0385,2025-12-16,E105,P002,図面修正,中,却下
B0386,2025-01-19,E103,P006,部品変更,高,承認済
B0387,2025-09-19,E108,P006,コスト変更,中,承認待ち
B0388,2025-04-11,E103,P004,部品変更,中,承認済
B0389,2025-05-25,E106,P006,コスト変更,中,承認待ち
B0390,2025-12-26,E105,P002,部品変更,低,却下
B0391,2025-03-18,E102,P005,仕様変更,高,申請中
B0392,2025-01-14,E103,P006,部品変更,高,承認待ち
B0393,2025-01-07,E108,P004,図面修正,高,却下
B0394,2025-11-16,E102,P001,コスト変更,高,申請中
B0395,2025-09-24,E105,P005,図面修正,高,却下
B0396,2025-03-04,E102,P005,部品変更,高,承認待ち
B0397,2025-10-17,E105,P003,図面修正,中,申請中
B0398,2025-06-13,E106,P005,部品変更,低,承認待ち
B0399,2025-05-22,E102,P006,仕様変更,高,却下
B0400,2025-07-13,E108,P004,仕様変更,低,申請中
B0401,2025-12-06,E102,P004,コスト変更,低,承認済
B0402,2025-10-28,E102,P005,仕様変更,高,承認待ち
B0403,2025-12-19,E106,P003,仕様変更,高,承認済
B0404,2025-09-19,E102,P002,図面修正,高,承認待ち
B0405,2025-10-05,E106,P001,図面修正,高,承認待ち
B0406,2025-10-27,E106,P006,図面修正,中,承認待ち
B0407,2025-12-24,E102,P005,図面修正,高,申請中
B0408,2025-07-08,E102,P003,コスト変更,中,申請中
B0409,2025-11-09,E106,P004,部品変更,中,却下
B0410,2025-07-06,E108,P006,コスト変更,高,承認済
B0411,2025-04-23,E102,P001,図面修正,高,却下
B0412,2025-12-26,E103,P006,コスト変更,中,承認済
B0413,2025-02-03,E102,P003,コスト変更,中,承認済
B0414,2025-02-05,E102,P002,コスト変更,中,却下
B0415,2025-02-01,E102,P003,仕様変更,低,承認済
B0416,2025-07-01,E105,P004,コスト変更,高,承認待ち
B0417,2025-10-17,E103,P006,コスト変更,高,承認待ち
B0418,2025-05-10,E105,P004,部品変更,高,承認待ち
B0419,2025-07-09,E106,P003,コスト変更,高,承認済
B0420,2025-05-08,E106,P005,部品変更,中,申請中
B0421,2025-03-10,E102,P004,図面修正,低,却下
B0422,2025-06-15,E105,P004,部品変更,中,承認済
B0423,2025-10-23,E103,P004,図面修正,高,却下
B0424,2025-06-10,E106,P005,部品変更,中,却下
B0425,2025-05-27,E106,P003,仕様変更,低,承認待ち
B0426,2025-10-18,E103,P006,仕様変更,低,却下
B0427,2025-12-07,E106,P003,仕様変更,中,却下
B0428,2025-03-21,E105,P002,図面修正,低,承認待ち
B0429,2025-12-14,E106,P001,コスト変更,低,却下
B0430,2025-10-13,E108,P005,コスト変更,低,申請中
B0431,2025-06-23,E108,P005,仕様変更,高,承認待ち
B0432,2025-11-22,E105,P002,仕様変更,低,却下
B0433,2025-06-26,E106,P001,仕様変更,高,承認済
B0434,2025-04-17,E108,P005,部品変更,中,承認済
B0435,2025-07-15,E108,P006,部品変更,中,申請中
B0436,2025-08-04,E105,P004,仕様変更,高,承認待ち
B0437,2025-06-10,E105,P004,部品変更,低,却下
B0438,2025-06-16,E102,P004,コスト変更,中,申請中
B0439,2025-05-02,E102,P001,図面修正,低,申請中
B0440,2025-11-26,E103,P006,部品変更,低,承認待ち
B0441,2025-09-06,E105,P005,コスト変更,中,承認待ち
B0442,2025-07-21,E103,P002,コスト変更,中,申請中
B0443,2025-12-20,E103,P004,コスト変更,中,申請中
B0444,2025-12-07,E103,P003,仕様変更,低,申請中
B0445,2025-09-06,E105,P003,部品変更,中,申請中
B0446,2025-05-22,E106,P005,図面修正,低,却下
B0447,2025-10-13,E108,P001,図面修正,中,却下
B0448,2025-10-06,E105,P005,仕様変更,低,承認待ち
B0449,2025-06-04,E103,P003,仕様変更,高,承認済
B0450,2025-12-05,E108,P004,コスト変更,低,承認待ち
B0451,2025-10-13,E106,P002,コスト変更,低,承認待ち
B0452,2025-09-06,E106,P003,部品変更,高,承認済
B0453,2025-08-20,E102,P003,仕様変更,中,承認待ち
B0454,2025-04-27,E106,P005,コスト変更,中,却下
B0455,2025-07-23,E106,P004,部品変更,高,申請中
B0456,2025-04-10,E102,P003,部品変更,低,承認済
B0457,2025-03-25,E106,P005,コスト変更,低,申請中
B0458,2025-10-04,E105,P005,図面修正,低,申請中
B0459,2025-12-15,E108,P002,コスト変更,高,承認待ち
B0460,2025-05-28,E102,P004,図面修正,中,申請中
B0461,2025-08-28,E102,P002,部品変更,低,承認済
B0462,2025-12-20,E106,P002,部品変更,高,承認待ち
B0463,2025-01-19,E105,P005,図面修正,低,承認待ち
B0464,2025-06-23,E105,P003,図面修正,低,申請中
B0465,2025-03-25,E106,P001,図面修正,低,承認待ち
B0466,2025-12-28,E103,P002,部品変更,低,承認済
B0467,2025-04-25,E106,P004,部品変更,低,承認済
B0468,2025-11-14,E106,P004,仕様変更,低,申請中
B0469,2025-07-17,E105,P006,図面修正,中,却下
B0470,2025-06-19,E102,P006,仕様変更,低,却下
B0471,2025-11-22,E105,P001,コスト変更,高,却下
B0472,2025-04-16,E105,P003,図面修正,中,承認待ち
B0473,2025-10-28,E106,P003,仕様変更,高,申請中
B0474,2025-11-26,E106,P001,仕様変更,高,却下
B0475,2025-08-01,E106,P002,部品変更,低,承認済
B0476,2025-03-28,E105,P001,図面修正,中,申請中
B0477,2025-06-22,E103,P001,コスト変更,低,承認済
B0478,2025-12-23,E103,P004,仕様変更,低,申請中
B0479,2025-01-07,E106,P001,部品変更,低,承認待ち
B0480,2025-09-22,E106,P001,仕様変更,低,承認済
B0481,2025-02-28,E106,P006,部品変更,中,申請中
B0482,2025-04-13,E102,P006,仕様変更,高,承認済
B0483,2025-06-10,E103,P004,部品変更,低,承認待ち
B0484,2025-02-17,E108,P001,部品変更,中,承認済
B0485,2025-12-07,E103,P004,コスト変更,高,申請中
B0486,2025-02-05,E102,P005,コスト変更,中,却下
B0487,2025-06-26,E103,P002,図面修正,低,申請中
B0488,2025-04-18,E108,P005,図面修正,低,申請中
B0489,2025-11-10,E103,P005,部品変更,低,却下
B0490,2025-05-21,E102,P002,コスト変更,中,申請中
B0491,2025-04-16,E108,P001,仕様変更,中,承認済
B0492,2025-03-13,E108,P004,図面修正,低,承認待ち
B0493,2025-08-25,E102,P001,仕様変更,高,承認済
B0494,2025-04-02,E102,P004,図面修正,低,却下
B0495,2025-07-23,E106,P001,部品変更,中,申請中
B0496,2025-05-03,E108,P002,部品変更,低,承認済
B0497,2025-07-19,E102,P003,コスト変更,低,承認待ち
B0498,2025-01-08,E102,P004,仕様変更,中,申請中
B0499,2025-05-22,E103,P001,仕様変更,低,承認待ち
B0500,2025-12-01,E103,P004,図面修正,低,承認済
B0501,2025-03-12,E103,P006,図面修正,低,申請中
B0502,2025-01-11,E106,P003,仕様変更,中,申請中
B0503,2025-08-15,E108,P003,仕様変更,中,承認待ち
B0504,2025-06-06,E105,P001,仕様変更,高,申請中
B0505,2025-01-28,E102,P002,仕様変更,中,承認済
B0506,2025-07-05,E103,P001,コスト変更,高,承認済
B0507,2025-04-14,E105,P003,仕様変更,低,承認済
B0508,2025-02-17,E102,P002,部品変更,低,申請中
B0509,2025-07-03,E106,P003,図面修正,中,申請中
B0510,2025-09-15,E102,P003,部品変更,中,承認済
B0511,2025-12-20,E103,P004,図面修正,低,却下
B0512,2025-04-24,E108,P002,部品変更,高,却下
B0513,2025-01-08,E108,P003,仕様変更,中,申請中
B0514,2025-11-13,E105,P001,部品変更,低,承認待ち
B0515,2025-07-16,E102,P002,図面修正,高,申請中
B0516,2025-04-28,E108,P004,図面修正,中,申請中
B0517,2025-10-04,E108,P002,コスト変更,高,申請中
B0518,2025-07-22,E103,P002,図面修正,中,承認済
B0519,2025-07-23,E105,P003,コスト変更,中,承認待ち
B0520,2025-02-07,E103,P005,仕様変更,高,申請中
B0521,2025-03-15,E106,P003,コスト変更,高,承認済
B0522,2025-04-15,E105,P004,図面修正,高,申請中
B0523,2025-03-26,E105,P006,仕様変更,高,承認済
B0524,2025-03-03,E103,P003,コスト変更,低,申請中
B0525,2025-11-10,E105,P002,仕様変更,中,却下
B0526,2025-09-24,E108,P002,仕様変更,中,申請中
B0527,2025-03-04,E102,P001,部品変更,高,承認待ち
B0528,2025-07-12,E102,P005,図面修正,高,申請中
B0529,2025-02-07,E106,P002,仕様変更,中,申請中
B0530,2025-01-15,E102,P002,コスト変更,低,却下
B0531,2025-08-01,E106,P006,コスト変更,高,承認済
B0532,2025-04-06,E105,P003,コスト変更,高,申請中
B0533,2025-10-20,E108,P002,図面修正,中,却下
B0534,2025-09-16,E102,P001,図面修正,中,承認待ち
B0535,2025-07-07,E108,P002,仕様変更,中,承認済
B0536,2025-08-18,E106,P003,図面修正,中,承認済
B0537,2025-03-01,E105,P005,部品変更,高,承認済
B0538,2025-01-26,E106,P005,図面修正,低,承認待ち
B0539,2025-03-04,E103,P006,部品変更,中,申請中
B0540,2025-04-19,E106,P003,部品変更,高,承認待ち
B0541,2025-10-11,E105,P005,仕様変更,低,承認済
B0542,2025-10-19,E103,P005,部品変更,中,承認済
B0543,2025-03-16,E102,P001,仕様変更,高,承認待ち
B0544,2025-01-17,E106,P001,図面修正,低,承認待ち
B0545,2025-03-11,E103,P003,仕様変更,高,承認待ち
B0546,2025-10-23,E103,P001,図面修正,高,承認済
B0547,2025-12-22,E106,P005,仕様変更,中,承認済
B0548,2025-06-05,E103,P006,コスト変更,低,却下
B0549,2025-11-11,E103,P006,図面修正,高,承認待ち
B0550,2025-07-10,E105,P002,部品変更,低,申請中
B0551,2025-12-19,E106,P005,仕様変更,高,承認済
B0552,2025-10-08,E108,P001,コスト変更,高,承認済
B0553,2025-12-03,E103,P003,図面修正,高,申請中
B0554,2025-12-22,E105,P004,仕様変更,中,承認待ち
B0555,2025-04-23,E102,P003,図面修正,高,申請中
B0556,2025-01-13,E106,P006,コスト変更,高,却下
B0557,2025-08-13,E105,P005,コスト変更,高,却下
B0558,2025-10-21,E103,P002,コスト変更,高,申請中
B0559,2025-05-01,E105,P003,仕様変更,高,承認済
B0560,2025-03-13,E103,P006,仕様変更,低,申請中
B0561,2025-06-20,E108,P004,仕様変更,中,承認待ち
B0562,2025-10-14,E103,P001,仕様変更,中,承認待ち
B0563,2025-04-14,E108,P006,図面修正,低,承認済
B0564,2025-05-08,E102,P001,コスト変更,低,却下
B0565,2025-03-02,E105,P001,コスト変更,高,承認済
B0566,2025-11-21,E108,P004,部品変更,高,申請中
B0567,2025-04-06,E105,P001,コスト変更,高,承認済
B0568,2025-07-16,E106,P006,図面修正,高,却下
B0569,2025-03-12,E106,P003,部品変更,中,申請中
B0570,2025-05-15,E106,P003,部品変更,中,申請中
B0571,2025-03-25,E102,P001,図面修正,低,却下
B0572,2025-10-08,E108,P001,コスト変更,低,却下
B0573,2025-09-22,E106,P005,部品変更,中,承認済
B0574,2025-02-13,E102,P005,部品変更,高,却下
B0575,2025-03-06,E103,P002,部品変更,高,却下
B0576,2025-02-22,E106,P002,部品変更,低,承認済
B0577,2025-06-24,E102,P001,コスト変更,低,却下
B0578,2025-09-11,E105,P005,コスト変更,高,却下
B0579,2025-02-14,E103,P002,仕様変更,高,申請中
B0580,2025-05-28,E108,P003,コスト変更,中,却下
B0581,2025-11-16,E108,P005,コスト変更,高,承認待ち
B0582,2025-05-13,E103,P005,コスト変更,高,却下
B0583,2025-06-23,E103,P001,コスト変更,中,承認済
B0584,2025-01-11,E105,P003,図面修正,中,申請中
B0585,2025-04-05,E105,P006,コスト変更,中,承認済
B0586,2025-12-14,E108,P006,仕様変更,高,却下
B0587,2025-04-27,E106,P006,コスト変更,低,承認済
B0588,2025-01-17,E103,P001,図面修正,低,却下
B0589,2025-03-25,E108,P005,仕様変更,高,承認待ち
B0590,2025-04-27,E102,P002,仕様変更,中,申請中
B0591,2025-06-23,E103,P003,図面修正,中,却下
B0592,2025-11-04,E102,P002,図面修正,中,却下
B0593,2025-03-28,E106,P005,図面修正,中,承認待ち
B0594,2025-05-24,E102,P003,仕様変更,中,申請中
B0595,2025-03-28,E108,P002,部品変更,低,承認待ち
B0596,2025-11-07,E105,P006,コスト変更,低,申請中
B0597,2025-11-01,E106,P002,部品変更,低,申請中
B0598,2025-04-09,E108,P003,図面修正,中,却下
B0599,2025-06-15,E105,P002,コスト変更,中,却下
B0600,2025-10-04,E102,P005,図面修正,低,承認済
B0601,2025-05-22,E102,P004,仕様変更,中,承認済
B0602,2025-11-11,E105,P003,図面修正,高,承認待ち
B0603,2025-09-25,E103,P001,コスト変更,低,承認済
B0604,2025-11-05,E102,P006,コスト変更,中,承認済
B0605,2025-07-13,E106,P006,仕様変更,低,承認待ち
B0606,2025-06-24,E103,P006,コスト変更,低,承認済
B0607,2025-09-10,E103,P006,部品変更,中,申請中
B0608,2025-08-05,E105,P006,部品変更,低,承認済
B0609,2025-11-03,E103,P003,部品変更,低,承認済
B0610,2025-07-26,E105,P003,図面修正,低,承認済
B0611,2025-08-28,E102,P004,仕様変更,低,申請中
B0612,2025-08-07,E108,P001,コスト変更,低,承認済
B0613,2025-07-02,E103,P002,部品変更,中,却下
B0614,2025-10-15,E103,P003,部品変更,高,却下
B0615,2025-06-21,E103,P003,仕様変更,高,却下
B0616,2025-05-07,E103,P005,部品変更,中,申請中
B0617,2025-03-20,E106,P006,コスト変更,中,却下
B0618,2025-08-13,E102,P001,部品変更,低,承認済
B0619,2025-01-11,E108,P002,仕様変更,低,申請中
B0620,2025-11-24,E103,P002,図面修正,中,承認待ち
B0621,2025-02-13,E108,P005,図面修正,高,申請中
B0622,2025-01-10,E105,P004,図面修正,中,承認待ち
B0623,2025-06-16,E105,P002,部品変更,中,申請中
B0624,2025-04-08,E103,P002,仕様変更,低,承認待ち
B0625,2025-02-12,E102,P004,図面修正,低,申請中
B0626,2025-10-02,E102,P006,仕様変更,高,申請中
B0627,2025-07-15,E106,P001,図面修正,中,承認待ち
B0628,2025-04-23,E102,P003,コスト変更,低,申請中
B0629,2025-11-17,E105,P005,部品変更,中,申請中
B0630,2025-09-24,E108,P001,図面修正,高,申請中
B0631,2025-08-07,E108,P002,図面修正,低,承認待ち
B0632,2025-06-23,E106,P003,部品変更,高,却下
B0633,2025-04-23,E106,P003,部品変更,高,申請中
B0634,2025-11-03,E102,P005,コスト変更,高,申請中
B0635,2025-09-03,E102,P003,部品変更,中,承認済
B0636,2025-05-15,E102,P001,部品変更,高,承認済
B0637,2025-06-26,E105,P004,仕様変更,高,申請中
B0638,2025-01-28,E103,P006,部品変更,中,承認済
B0639,2025-08-20,E105,P006,仕様変更,中,承認済
B0640,2025-03-04,E106,P004,コスト変更,中,却下
B0641,2025-12-28,E106,P004,部品変更,高,承認待ち
B0642,2025-12-24,E102,P002,仕様変更,中,却下
B0643,2025-10-22,E106,P002,コスト変更,中,申請中
B0644,2025-11-27,E103,P004,コスト変更,高,却下
B0645,2025-08-02,E102,P003,図面修正,高,承認待ち
B0646,2025-11-28,E105,P005,仕様変更,中,承認待ち
B0647,2025-08-12,E106,P002,仕様変更,高,承認待ち
B0648,2025-09-28,E106,P004,部品変更,高,却下
B0649,2025-06-08,E105,P003,仕様変更,低,承認待ち
B0650,2025-09-21,E106,P004,部品変更,高,却下
B0651,2025-08-26,E108,P004,仕様変更,中,却下
B0652,2025-06-04,E106,P006,仕様変更,高,却下
B0653,2025-07-02,E108,P005,仕様変更,高,承認済
B0654,2025-09-18,E103,P006,コスト変更,中,承認済
B0655,2025-01-27,E103,P004,図面修正,低,却下
B0656,2025-12-22,E105,P006,コスト変更,高,申請中
B0657,2025-11-08,E102,P003,図面修正,低,承認済
B0658,2025-09-17,E105,P006,仕様変更,高,承認待ち
B0659,2025-08-05,E106,P001,図面修正,低,承認待ち
B0660,2025-04-04,E106,P002,コスト変更,高,承認済
B0661,2025-02-25,E106,P001,仕様変更,中,却下
B0662,2025-11-19,E108,P002,コスト変更,高,申請中
B0663,2025-09-14,E108,P004,部品変更,低,承認待ち
B0664,2025-12-27,E103,P001,コスト変更,低,承認済
B0665,2025-09-13,E106,P005,部品変更,中,却下
B0666,2025-06-10,E106,P002,部品変更,中,承認済
B0667,2025-12-18,E105,P006,部品変更,高,承認待ち
B0668,2025-10-23,E105,P006,図面修正,低,承認待ち
B0669,2025-12-21,E103,P005,図面修正,低,申請中
B0670,2025-06-18,E106,P005,コスト変更,低,承認済
B0671,2025-07-26,E102,P005,仕様変更,高,却下
B0672,2025-03-02,E102,P002,図面修正,高,承認済
B0673,2025-11-09,E103,P001,図面修正,高,申請中
B0674,2025-06-27,E106,P001,部品変更,低,却下
B0675,2025-04-17,E105,P006,仕様変更,中,却下
B0676,2025-07-26,E105,P005,仕様変更,高,承認済
B0677,2025-04-20,E106,P002,図面修正,低,承認待ち
B0678,2025-12-07,E105,P004,部品変更,低,申請中
B0679,2025-03-06,E108,P001,コスト変更,高,却下
B0680,2025-05-18,E105,P002,部品変更,低,承認済
B0681,2025-01-11,E106,P006,部品変更,高,承認待ち
B0682,2025-06-20,E102,P006,図面修正,中,承認済
B0683,2025-02-26,E105,P005,部品変更,高,申請中
B0684,2025-09-06,E106,P005,コスト変更,高,承認済
B0685,2025-04-07,E105,P003,図面修正,中,承認待ち
B0686,2025-10-17,E106,P005,仕様変更,高,承認済
B0687,2025-08-08,E108,P005,部品変更,高,承認済
B0688,2025-07-26,E102,P004,図面修正,低,承認済
B0689,2025-01-17,E105,P005,コスト変更,中,申請中
B0690,2025-05-21,E103,P003,仕様変更,高,承認待ち
B0691,2025-09-18,E102,P006,仕様変更,高,承認待ち
B0692,2025-11-14,E102,P002,コスト変更,低,申請中
B0693,2025-12-22,E103,P001,コスト変更,低,承認済
B0694,2025-01-03,E102,P001,部品変更,中,申請中
B0695,2025-10-27,E103,P003,コスト変更,中,却下
B0696,2025-11-13,E106,P003,仕様変更,中,申請中
B0697,2025-09-01,E108,P001,仕様変更,低,申請中
B0698,2025-06-17,E102,P003,図面修正,低,申請中
B0699,2025-05-25,E106,P004,コスト変更,低,申請中
B0700,2025-08-06,E108,P002,部品変更,低,却下
B0701,2025-09-10,E103,P003,図面修正,高,承認待ち
B0702,2025-02-02,E102,P005,コスト変更,低,申請中
B0703,2025-05-07,E105,P002,コスト変更,低,承認待ち
B0704,2025-03-06,E103,P005,図面修正,高,申請中
B0705,2025-03-22,E108,P001,コスト変更,低,申請中
B0706,2025-05-22,E102,P003,仕様変更,高,却下
B0707,2025-06-12,E103,P006,部品変更,高,承認済
B0708,2025-10-03,E103,P003,コスト変更,中,承認済
B0709,2025-10-22,E105,P006,部品変更,低,承認済
B0710,2025-06-14,E103,P001,図面修正,高,承認待ち
B0711,2025-12-24,E106,P003,図面修正,高,承認済
B0712,2025-08-15,E106,P003,図面修正,中,申請中
B0713,2025-03-21,E108,P001,図面修正,高,承認待ち
B0714,2025-05-24,E102,P006,仕様変更,高,申請中
B0715,2025-10-19,E106,P005,部品変更,高,承認済
B0716,2025-09-18,E106,P006,部品変更,中,却下
B0717,2025-04-25,E108,P006,図面修正,高,却下
B0718,2025-09-17,E102,P004,図面修正,低,申請中
B0719,2025-11-08,E108,P006,部品変更,低,承認待ち
B0720,2025-08-06,E103,P005,部品変更,低,却下
B0721,2025-06-02,E103,P004,部品変更,高,承認済
B0722,2025-06-08,E102,P006,部品変更,低,承認済
B0723,2025-07-16,E106,P001,仕様変更,低,承認済
B0724,2025-02-23,E108,P006,図面修正,低,承認済
B0725,2025-10-18,E108,P002,コスト変更,低,却下
B0726,2025-06-19,E102,P005,図面修正,中,承認待ち
B0727,2025-09-13,E105,P003,コスト変更,中,申請中
B0728,2025-09-05,E106,P002,部品変更,高,承認済
B0729,2025-04-05,E103,P002,図面修正,低,申請中
B0730,2025-11-08,E106,P003,仕様変更,中,却下
B0731,2025-08-07,E108,P002,コスト変更,高,承認待ち
B0732,2025-01-05,E108,P005,部品変更,高,申請中
B0733,2025-10-05,E102,P002,図面修正,高,却下
B0734,2025-10-19,E102,P006,図面修正,高,承認待ち
B0735,2025-08-20,E106,P004,部品変更,高,却下
B0736,2025-10-05,E108,P002,図面修正,高,承認済
B0737,2025-08-20,E108,P001,部品変更,中,却下
B0738,2025-03-04,E102,P002,コスト変更,高,申請中
B0739,2025-03-16,E108,P005,仕様変更,低,申請中
B0740,2025-02-16,E103,P005,仕様変更,低,却下
B0741,2025-09-14,E105,P001,コスト変更,高,却下
B0742,2025-07-12,E108,P006,仕様変更,中,承認待ち
B0743,2025-05-16,E103,P001,図面修正,低,却下
B0744,2025-05-07,E102,P006,仕様変更,低,申請中
B0745,2025-09-01,E106,P006,部品変更,低,承認済
B0746,2025-07-12,E102,P002,コスト変更,低,承認済
B0747,2025-05-28,E108,P004,図面修正,低,承認済
B0748,2025-11-13,E103,P004,コスト変更,高,承認済
B0749,2025-09-18,E106,P003,図面修正,低,承認済
B0750,2025-12-13,E103,P006,仕様変更,低,承認待ち
B0751,2025-08-26,E103,P001,部品変更,低,却下
B0752,2025-06-26,E108,P005,仕様変更,高,却下
B0753,2025-11-01,E102,P002,コスト変更,低,却下
B0754,2025-02-03,E105,P002,図面修正,高,申請中
B0755,2025-12-13,E106,P005,図面修正,低,申請中
B0756,2025-03-21,E106,P004,仕様変更,高,承認済
B0757,2025-04-02,E108,P005,部品変更,低,承認待ち
B0758,2025-11-02,E105,P002,仕様変更,高,申請中
B0759,2025-05-25,E106,P003,コスト変更,中,承認待ち
B0760,2025-09-01,E102,P001,図面修正,低,承認済
B0761,2025-06-27,E105,P002,部品変更,中,却下
B0762,2025-10-01,E105,P002,コスト変更,低,申請中
B0763,2025-09-03,E108,P003,図面修正,高,承認済
B0764,2025-09-27,E108,P003,コスト変更,中,却下
B0765,2025-04-25,E105,P004,コスト変更,低,申請中
B0766,2025-08-04,E105,P001,コスト変更,低,承認待ち
B0767,2025-11-23,E103,P003,コスト変更,中,申請中
B0768,2025-12-27,E105,P002,図面修正,高,却下
B0769,2025-11-24,E105,P001,部品変更,中,承認済
B0770,2025-06-07,E108,P003,部品変更,低,承認待ち
B0771,2025-08-24,E103,P002,部品変更,中,承認待ち
B0772,2025-04-07,E103,P005,図面修正,高,申請中
B0773,2025-02-03,E106,P005,仕様変更,低,申請中
B0774,2025-08-12,E108,P003,コスト変更,低,承認済
B0775,2025-08-06,E108,P003,コスト変更,高,承認待ち
B0776,2025-01-17,E106,P004,仕様変更,低,承認済
B0777,2025-07-28,E103,P004,仕様変更,低,却下
B0778,2025-06-23,E102,P001,部品変更,中,申請中
B0779,2025-06-12,E108,P003,部品変更,低,承認済
B0780,2025-04-09,E106,P005,図面修正,中,承認待ち
B0781,2025-08-14,E103,P004,図面修正,中,却下
B0782,2025-05-15,E103,P005,部品変更,低,承認待ち
B0783,2025-02-24,E105,P002,コスト変更,中,承認待ち
B0784,2025-03-26,E103,P004,仕様変更,高,却下
B0785,2025-08-05,E108,P005,図面修正,中,承認済
B0786,2025-05-18,E108,P001,コスト変更,高,承認待ち
B0787,2025-01-07,E105,P004,仕様変更,中,承認済
B0788,2025-05-12,E105,P005,図面修正,中,申請中
B0789,2025-07-04,E105,P006,部品変更,低,承認待ち
B0790,2025-05-12,E105,P006,コスト変更,低,却下
B0791,2025-02-13,E108,P003,コスト変更,低,承認待ち
B0792,2025-03-21,E105,P004,コスト変更,高,申請中
B0793,2025-03-11,E103,P003,図面修正,低,承認済
B0794,2025-12-09,E108,P006,コスト変更,中,却下
B0795,2025-06-24,E108,P005,コスト変更,中,承認待ち
B0796,2025-03-28,E102,P002,部品変更,低,承認済
B0797,2025-12-23,E102,P002,部品変更,中,申請中
B0798,2025-02-03,E106,P005,仕様変更,高,却下
B0799,2025-09-25,E102,P001,図面修正,低,承認待ち
B0800,2025-02-21,E106,P003,部品変更,高,承認済
B0801,2025-08-21,E103,P002,部品変更,高,申請中
B0802,2025-11-12,E105,P004,コスト変更,低,承認済
B0803,2025-09-15,E103,P006,部品変更,低,却下
B0804,2025-11-24,E108,P004,図面修正,中,却下
B0805,2025-09-08,E102,P004,図面修正,中,却下
B0806,2025-05-05,E105,P001,仕様変更,低,承認待ち
B0807,2025-06-10,E106,P005,仕様変更,低,却下
B0808,2025-08-10,E102,P004,図面修正,低,承認待ち
B0809,2025-01-18,E105,P002,コスト変更,低,却下
B0810,2025-07-08,E103,P006,コスト変更,中,承認待ち
B0811,2025-05-03,E106,P006,部品変更,低,承認済
B0812,2025-05-21,E108,P003,コスト変更,高,申請中
B0813,2025-03-05,E105,P001,コスト変更,低,却下
B0814,2025-05-23,E108,P004,部品変更,中,申請中
B0815,2025-03-02,E108,P001,部品変更,高,承認済
B0816,2025-05-05,E106,P006,仕様変更,高,申請中
B0817,2025-03-01,E106,P002,図面修正,中,承認済
B0818,2025-08-12,E106,P006,仕様変更,中,申請中
B0819,2025-03-02,E105,P004,仕様変更,低,却下
B0820,2025-03-07,E105,P004,仕様変更,高,承認待ち
B0821,2025-07-25,E106,P002,仕様変更,高,却下
B0822,2025-12-25,E102,P005,部品変更,中,却下
B0823,2025-11-10,E105,P002,仕様変更,低,申請中
B0824,2025-05-16,E105,P002,図面修正,高,承認待ち
B0825,2025-02-08,E106,P003,仕様変更,高,承認済
B0826,2025-10-04,E106,P002,仕様変更,高,却下
B0827,2025-12-20,E103,P003,仕様変更,高,承認待ち
B0828,2025-08-03,E108,P003,仕様変更,高,承認済
B0829,2025-11-05,E108,P001,部品変更,中,承認待ち
B0830,2025-06-18,E105,P004,部品変更,高,却下
B0831,2025-06-24,E103,P003,仕様変更,中,却下
B0832,2025-09-10,E108,P006,コスト変更,高,承認待ち
B0833,2025-09-12,E105,P006,コスト変更,中,承認待ち
B0834,2025-02-17,E103,P004,図面修正,中,承認済
B0835,2025-08-01,E108,P004,部品変更,高,承認済
B0836,2025-10-08,E105,P006,仕様変更,低,却下
B0837,2025-04-17,E106,P005,部品変更,低,承認済
B0838,2025-06-14,E105,P001,仕様変更,低,申請中
B0839,2025-01-27,E103,P002,仕様変更,高,申請中
B0840,2025-08-07,E102,P001,コスト変更,低,却下
B0841,2025-09-20,E108,P003,仕様変更,中,承認待ち
B0842,2025-10-23,E102,P001,部品変更,低,却下
B0843,2025-02-15,E102,P003,コスト変更,中,申請中
B0844,2025-10-09,E108,P001,仕様変更,中,申請中
B0845,2025-04-17,E102,P001,部品変更,低,却下
B0846,2025-04-07,E108,P006,部品変更,低,承認待ち
B0847,2025-09-24,E108,P004,仕様変更,低,承認済
B0848,2025-11-15,E106,P001,部品変更,高,却下
B0849,2025-09-11,E103,P005,コスト変更,中,承認済
B0850,2025-09-11,E105,P004,コスト変更,低,承認済
B0851,2025-10-08,E108,P005,部品変更,中,承認済
B0852,2025-06-15,E106,P004,仕様変更,低,申請中
B0853,2025-05-20,E102,P005,部品変更,中,申請中
B0854,2025-05-08,E103,P003,仕様変更,低,承認済
B0855,2025-09-17,E108,P005,部品変更,高,申請中
B0856,2025-08-12,E103,P002,図面修正,中,承認待ち
B0857,2025-04-09,E105,P001,コスト変更,低,承認待ち
B0858,2025-12-03,E105,P004,部品変更,中,申請中
B0859,2025-10-21,E105,P001,コスト変更,高,申請中
B0860,2025-06-12,E106,P004,仕様変更,高,申請中
B0861,2025-11-25,E106,P001,図面修正,低,申請中
B0862,2025-06-18,E108,P002,図面修正,低,承認待ち
B0863,2025-03-02,E106,P004,仕様変更,高,却下
B0864,2025-05-26,E106,P002,部品変更,中,申請中
B0865,2025-08-19,E102,P005,コスト変更,中,申請中
B0866,2025-07-17,E106,P006,部品変更,高,却下
B0867,2025-09-07,E106,P004,部品変更,低,承認待ち
B0868,2025-04-03,E105,P004,図面修正,低,申請中
B0869,2025-02-22,E106,P004,図面修正,中,承認待ち
B0870,2025-06-12,E108,P006,仕様変更,中,承認待ち
B0871,2025-06-20,E106,P005,部品変更,中,申請中
B0872,2025-04-07,E105,P002,仕様変更,高,申請中
B0873,2025-04-20,E103,P003,仕様変更,中,申請中
B0874,2025-05-15,E106,P001,図面修正,高,承認待ち
B0875,2025-04-18,E108,P003,コスト変更,低,承認待ち
B0876,2025-12-23,E102,P004,仕様変更,中,承認待ち
B0877,2025-01-10,E103,P006,図面修正,高,却下
B0878,2025-11-01,E102,P004,図面修正,低,承認済
B0879,2025-02-01,E105,P006,コスト変更,高,却下
B0880,2025-09-23,E102,P003,コスト変更,低,申請中
B0881,2025-03-07,E108,P004,仕様変更,高,承認待ち
B0882,2025-09-10,E105,P004,コスト変更,低,承認待ち
B0883,2025-01-12,E105,P003,図面修正,高,承認済
B0884,2025-01-21,E105,P004,仕様変更,低,承認済
B0885,2025-04-05,E105,P004,部品変更,高,却下
B0886,2025-09-22,E108,P006,部品変更,中,承認待ち
B0887,2025-10-05,E106,P003,図面修正,中,承認待ち
B0888,2025-04-21,E103,P005,部品変更,高,承認済
B0889,2025-12-23,E108,P002,コスト変更,高,承認待ち
B0890,2025-06-03,E108,P005,仕様変更,高,承認済
B0891,2025-03-24,E102,P003,コスト変更,中,承認済
B0892,2025-08-24,E105,P002,部品変更,高,承認待ち
B0893,2025-03-01,E108,P005,図面修正,低,承認待ち
B0894,2025-10-08,E103,P006,仕様変更,中,申請中
B0895,2025-12-25,E106,P002,コスト変更,低,承認済
B0896,2025-03-28,E106,P004,コスト変更,高,承認待ち
B0897,2025-04-08,E102,P004,仕様変更,中,却下
B0898,2025-04-24,E103,P002,仕様変更,高,却下
B0899,2025-10-16,E105,P004,部品変更,中,却下
B0900,2025-01-20,E106,P006,図面修正,中,申請中
B0901,2025-09-04,E106,P004,仕様変更,高,却下
B0902,2025-12-02,E108,P004,仕様変更,高,承認済
B0903,2025-08-13,E105,P003,コスト変更,高,却下
B0904,2025-05-20,E102,P006,部品変更,中,却下
B0905,2025-02-24,E108,P001,部品変更,低,承認待ち
B0906,2025-07-14,E105,P004,仕様変更,高,却下
B0907,2025-10-23,E103,P004,仕様変更,中,承認済
B0908,2025-12-21,E103,P006,仕様変更,高,申請中
B0909,2025-12-15,E105,P001,コスト変更,低,承認待ち
B0910,2025-07-18,E106,P001,部品変更,中,承認待ち
B0911,2025-03-28,E103,P002,仕様変更,中,承認済
B0912,2025-05-24,E106,P003,部品変更,高,承認待ち
B0913,2025-04-01,E108,P003,仕様変更,中,却下
B0914,2025-08-18,E102,P005,コスト変更,高,承認待ち
B0915,2025-10-22,E106,P004,コスト変更,中,申請中
B0916,2025-10-20,E102,P002,図面修正,低,承認待ち
B0917,2025-01-06,E103,P001,図面修正,高,承認待ち
B0918,2025-01-22,E108,P005,図面修正,中,申請中
B0919,2025-01-04,E106,P002,部品変更,低,承認済
B0920,2025-10-22,E108,P005,部品変更,中,承認済
B0921,2025-01-03,E105,P003,図面修正,中,申請中
B0922,2025-07-27,E108,P001,図面修正,中,承認待ち
B0923,2025-02-23,E105,P003,コスト変更,低,承認待ち
B0924,2025-12-07,E108,P001,仕様変更,低,申請中
B0925,2025-08-24,E108,P006,図面修正,中,承認済
B0926,2025-05-17,E108,P005,図面修正,高,却下
B0927,2025-09-24,E106,P004,部品変更,低,承認待ち
B0928,2025-12-10,E103,P001,仕様変更,高,却下
B0929,2025-11-26,E102,P006,部品変更,低,却下
B0930,2025-07-02,E105,P003,部品変更,高,承認待ち
B0931,2025-12-10,E105,P001,図面修正,中,承認済
B0932,2025-01-04,E105,P003,コスト変更,低,申請中
B0933,2025-03-07,E105,P003,コスト変更,中,申請中
B0934,2025-11-05,E106,P002,コスト変更,低,承認済
B0935,2025-08-26,E106,P006,仕様変更,低,承認済
B0936,2025-10-24,E105,P005,仕様変更,高,承認済
B0937,2025-06-03,E103,P003,仕様変更,中,却下
B0938,2025-11-18,E103,P005,コスト変更,高,申請中
B0939,2025-05-23,E105,P006,仕様変更,中,却下
B0940,2025-02-16,E103,P003,コスト変更,中,承認待ち
B0941,2025-09-10,E103,P001,図面修正,高,承認待ち
B0942,2025-02-15,E108,P001,コスト変更,低,承認待ち
B0943,2025-04-11,E106,P006,図面修正,中,承認待ち
B0944,2025-02-27,E108,P006,部品変更,高,申請中
B0945,2025-08-13,E108,P001,仕様変更,中,申請中
B0946,2025-11-28,E108,P001,図面修正,中,申請中
B0947,2025-02-17,E105,P001,図面修正,低,承認待ち
B0948,2025-06-07,E103,P003,図面修正,低,承認済
B0949,2025-08-22,E102,P003,部品変更,高,承認済
B0950,2025-02-01,E108,P005,仕様変更,高,承認済
B0951,2025-09-11,E105,P002,図面修正,低,承認待ち
B0952,2025-03-03,E105,P005,図面修正,低,却下
B0953,2025-01-05,E102,P004,仕様変更,高,却下
B0954,2025-01-03,E106,P004,部品変更,低,却下
B0955,2025-10-12,E105,P003,部品変更,低,申請中
B0956,2025-08-19,E103,P001,コスト変更,高,却下
B0957,2025-05-22,E106,P004,部品変更,高,承認待ち
B0958,2025-10-09,E105,P004,部品変更,低,承認済
B0959,2025-06-15,E106,P001,仕様変更,中,申請中
B0960,2025-06-16,E106,P002,図面修正,中,承認待ち
B0961,2025-09-04,E106,P006,仕様変更,中,申請中
B0962,2025-05-18,E106,P004,コスト変更,高,承認待ち
B0963,2025-09-06,E106,P004,仕様変更,中,承認待ち
B0964,2025-12-19,E106,P004,図面修正,低,承認待ち
B0965,2025-03-22,E102,P006,コスト変更,高,却下
B0966,2025-06-18,E102,P004,部品変更,中,却下
B0967,2025-02-20,E102,P006,コスト変更,中,却下
B0968,2025-11-22,E102,P001,部品変更,高,申請中
B0969,2025-03-22,E103,P004,図面修正,中,却下
B0970,2025-04-07,E105,P003,図面修正,中,承認済
B0971,2025-02-19,E102,P005,コスト変更,高,承認済
B0972,2025-01-12,E108,P001,仕様変更,低,承認済
B0973,2025-02-28,E105,P001,部品変更,中,却下
B0974,2025-11-11,E106,P004,コスト変更,中,承認待ち
B0975,2025-11-06,E106,P002,部品変更,低,却下
B0976,2025-06-27,E106,P002,図面修正,低,承認待ち
B0977,2025-03-01,E102,P006,仕様変更,高,却下
B0978,2025-11-14,E103,P001,部品変更,低,却下
B0979,2025-08-26,E108,P004,部品変更,中,却下
B0980,2025-09-27,E106,P004,図面修正,高,承認待ち
B0981,2025-07-20,E102,P005,コスト変更,低,承認待ち
B0982,2025-12-17,E105,P004,図面修正,高,申請中
B0983,2025-10-16,E105,P001,コスト変更,低,申請中
B0984,2025-03-24,E108,P003,コスト変更,低,申請中
B0985,2025-09-20,E102,P002,コスト変更,低,申請中
B0986,2025-11-21,E108,P005,図面修正,低,申請中
B0987,2025-06-18,E102,P004,コスト変更,低,却下
B0988,2025-10-24,E105,P004,図面修正,中,承認済
B0989,2025-03-02,E108,P006,図面修正,低,承認済
B0990,2025-01-21,E106,P005,部品変更,低,申請中
B0991,2025-11-10,E108,P001,図面修正,中,申請中
B0992,2025-03-17,E102,P003,図面修正,高,承認済
B0993,2025-05-28,E105,P001,仕様変更,低,承認待ち
B0994,2025-10-24,E103,P006,コスト変更,中,承認待ち
B0995,2025-05-26,E103,P004,部品変更,低,申請中
B0996,2025-06-03,E103,P005,部品変更,中,却下
B0997,2025-07-08,E106,P006,部品変更,高,承認済
B0998,2025-01-21,E105,P001,仕様変更,高,却下
B0999,2025-07-16,E105,P004,部品変更,中,却下
B1000,2025-08-09,E103,P005,コスト変更,高,承認済
B1001,2025-08-13,E105,P005,仕様変更,高,承認済
B1002,2025-07-20,E105,P003,図面修正,中,申請中
B1003,2025-05-21,E108,P004,コスト変更,低,承認待ち
B1004,2025-12-22,E108,P002,図面修正,低,承認待ち
B1005,2025-06-18,E102,P006,仕様変更,高,申請中
B1006,2025-07-04,E108,P001,コスト変更,中,承認待ち
B1007,2025-12-10,E105,P002,仕様変更,高,申請中
B1008,2025-01-20,E103,P005,仕様変更,低,申請中
B1009,2025-02-28,E108,P002,コスト変更,低,承認待ち
B1010,2025-02-23,E103,P003,図面修正,中,申請中
B1011,2025-11-15,E105,P004,図面修正,中,承認待ち
B1012,2025-02-09,E102,P004,コスト変更,中,申請中
B1013,2025-05-27,E105,P002,コスト変更,高,却下
B1014,2025-04-20,E106,P002,コスト変更,高,承認待ち
B1015,2025-09-25,E106,P002,仕様変更,中,承認済
B1016,2025-02-02,E102,P001,図面修正,中,申請中
B1017,2025-08-05,E102,P001,コスト変更,中,承認待ち
B1018,2025-12-11,E106,P005,仕様変更,低,却下
B1019,2025-08-14,E106,P006,仕様変更,低,承認待ち
B1020,2025-01-13,E106,P001,図面修正,中,承認済
B1021,2025-07-02,E102,P003,図面修正,高,却下
B1022,2025-05-21,E103,P002,仕様変更,中,承認待ち
B1023,2025-05-23,E106,P001,図面修正,中,申請中
B1024,2025-11-15,E103,P002,仕様変更,高,申請中
B1025,2025-12-19,E103,P004,コスト変更,高,承認済
B1026,2025-08-18,E106,P001,仕様変更,中,申請中
B1027,2025-06-26,E102,P004,仕様変更,高,却下
B1028,2025-11-28,E108,P002,部品変更,高,申請中
B1029,2025-12-05,E106,P006,仕様変更,中,申請中
B1030,2025-04-23,E103,P001,部品変更,低,申請中
B1031,2025-05-27,E102,P004,部品変更,低,申請中
B1032,2025-02-04,E106,P005,部品変更,高,承認待ち
B1033,2025-07-11,E106,P003,仕様変更,低,承認待ち
B1034,2025-06-27,E103,P001,部品変更,中,申請中
B1035,2025-02-09,E103,P004,部品変更,低,承認済
B1036,2025-09-06,E106,P002,仕様変更,高,申請中
B1037,2025-11-20,E106,P002,仕様変更,中,申請中
B1038,2025-01-01,E103,P001,図面修正,中,却下
B1039,2025-12-05,E103,P002,図面修正,低,却下
B1040,2025-07-08,E103,P005,仕様変更,低,承認待ち
B1041,2025-12-16,E108,P001,図面修正,中,却下
B1042,2025-01-18,E103,P002,仕様変更,低,申請中
B1043,2025-10-12,E108,P005,部品変更,中,承認待ち
B1044,2025-05-02,E103,P001,部品変更,低,却下
B1045,2025-08-06,E103,P006,仕様変更,高,承認済
B1046,2025-05-07,E106,P003,図面修正,低,却下
B1047,2025-01-04,E102,P005,部品変更,高,申請中
B1048,2025-08-17,E102,P001,部品変更,低,却下
B1049,2025-10-19,E105,P004,部品変更,低,承認済
B1050,2025-04-25,E102,P003,部品変更,高,承認待ち
B1051,2025-12-14,E103,P004,部品変更,高,却下
B1052,2025-10-16,E102,P004,部品変更,高,却下
B1053,2025-03-13,E105,P002,コスト変更,低,承認待ち
B1054,2025-11-12,E105,P002,図面修正,高,申請中
B1055,2025-12-19,E102,P003,部品変更,高,却下
B1056,2025-08-14,E103,P003,部品変更,中,承認待ち
B1057,2025-11-20,E103,P005,部品変更,高,却下
B1058,2025-09-16,E103,P005,コスト変更,中,承認済
B1059,2025-01-24,E106,P006,部品変更,高,承認済
B1060,2025-07-19,E103,P005,部品変更,低,申請中
B1061,2025-07-02,E102,P004,仕様変更,中,却下
B1062,2025-08-26,E102,P004,コスト変更,高,申請中
B1063,2025-09-25,E102,P006,コスト変更,高,承認待ち
B1064,2025-06-10,E103,P006,仕様変更,高,却下
B1065,2025-11-10,E103,P006,コスト変更,低,申請中
B1066,2025-08-15,E103,P006,コスト変更,高,承認済
B1067,2025-11-15,E102,P006,仕様変更,中,承認済
B1068,2025-09-02,E105,P004,図面修正,低,承認待ち
B1069,2025-11-03,E108,P003,仕様変更,低,承認済
B1070,2025-01-04,E106,P003,コスト変更,低,申請中
B1071,2025-06-12,E103,P006,仕様変更,低,承認待ち
B1072,2025-03-11,E103,P005,仕様変更,低,却下
B1073,2025-12-25,E108,P006,部品変更,低,承認待ち
B1074,2025-06-12,E105,P005,コスト変更,中,申請中
B1075,2025-02-12,E105,P004,コスト変更,低,申請中
B1076,2025-08-23,E108,P006,図面修正,中,承認済
B1077,2025-11-23,E102,P002,コスト変更,高,申請中
B1078,2025-07-06,E105,P001,仕様変更,高,承認済
B1079,2025-02-23,E103,P004,部品変更,高,申請中
B1080,2025-05-14,E108,P002,コスト変更,中,却下
B1081,2025-08-24,E102,P003,部品変更,高,申請中
B1082,2025-04-27,E108,P006,図面修正,中,承認済
B1083,2025-11-21,E105,P004,コスト変更,中,承認済
B1084,2025-10-05,E105,P002,図面修正,高,却下
B1085,2025-06-10,E102,P002,図面修正,中,却下
B1086,2025-03-20,E103,P006,図面修正,高,承認待ち
B1087,2025-12-23,E103,P002,部品変更,高,申請中
B1088,2025-06-19,E103,P004,図面修正,中,承認待ち
B1089,2025-04-18,E102,P006,図面修正,中,承認待ち
B1090,2025-06-15,E108,P002,図面修正,高,申請中
B1091,2025-07-16,E103,P004,図面修正,高,申請中
B1092,2025-12-18,E108,P003,図面修正,中,承認済
B1093,2025-10-22,E103,P005,コスト変更,中,申請中
B1094,2025-12-16,E102,P002,仕様変更,中,申請中
B1095,2025-07-20,E103,P004,図面修正,高,承認済
B1096,2025-01-20,E103,P005,部品変更,中,承認待ち
B1097,2025-01-03,E108,P004,仕様変更,低,却下
B1098,2025-04-16,E105,P005,仕様変更,低,承認済
B1099,2025-07-05,E106,P003,コスト変更,中,申請中
B1100,2025-05-12,E105,P003,コスト変更,低,申請中
B1101,2025-04-24,E106,P006,コスト変更,中,承認済
B1102,2025-03-26,E106,P006,コスト変更,高,申請中
B1103,2025-03-07,E105,P004,図面修正,高,却下
B1104,2025-02-01,E106,P006,図面修正,中,承認待ち
B1105,2025-09-15,E108,P002,部品変更,高,却下
B1106,2025-05-18,E106,P001,図面修正,低,承認済
B1107,2025-08-18,E106,P002,仕様変更,高,承認待ち
B1108,2025-05-10,E106,P001,図面修正,中,承認待ち
B1109,2025-08-23,E103,P001,仕様変更,中,却下
B1110,2025-02-20,E105,P005,コスト変更,低,却下
B1111,2025-05-21,E106,P006,仕様変更,中,申請中
B1112,2025-05-06,E108,P001,部品変更,中,却下
B1113,2025-12-05,E105,P002,仕様変更,中,承認済
B1114,2025-07-21,E105,P001,図面修正,中,申請中
B1115,2025-09-07,E103,P001,部品変更,低,承認済
B1116,2025-06-27,E105,P003,図面修正,高,承認済
B1117,2025-03-01,E103,P005,図面修正,中,却下
B1118,2025-07-11,E103,P001,部品変更,高,承認待ち
B1119,2025-04-26,E108,P005,仕様変更,中,却下
B1120,2025-02-04,E103,P001,コスト変更,中,承認済
B1121,2025-12-12,E103,P004,図面修正,高,承認済
B1122,2025-01-24,E102,P002,部品変更,低,承認待ち
B1123,2025-12-08,E105,P002,部品変更,高,申請中
B1124,2025-07-23,E102,P001,仕様変更,中,却下
B1125,2025-01-07,E102,P001,仕様変更,中,申請中
B1126,2025-05-02,E102,P003,仕様変更,高,申請中
B1127,2025-10-07,E108,P002,部品変更,低,承認済
B1128,2025-01-03,E103,P006,図面修正,低,承認済
B1129,2025-06-06,E108,P006,部品変更,低,申請中
B1130,2025-02-27,E108,P001,部品変更,低,承認待ち
B1131,2025-05-06,E108,P001,仕様変更,高,却下
B1132,2025-06-23,E108,P002,コスト変更,低,申請中
B1133,2025-03-27,E105,P004,コスト変更,高,承認待ち
B1134,2025-07-04,E105,P001,コスト変更,高,承認待ち
B1135,2025-08-25,E105,P006,図面修正,低,申請中
B1136,2025-02-11,E106,P001,コスト変更,中,却下
B1137,2025-10-24,E105,P006,コスト変更,高,却下
B1138,2025-05-28,E106,P002,仕様変更,中,承認済
B1139,2025-03-01,E106,P006,仕様変更,中,却下
B1140,2025-09-22,E102,P001,部品変更,中,却下
B1141,2025-12-19,E102,P006,部品変更,高,承認済
B1142,2025-04-11,E103,P005,コスト変更,高,承認待ち
B1143,2025-07-24,E106,P003,図面修正,低,却下
B1144,2025-06-16,E108,P004,コスト変更,低,承認済
B1145,2025-03-25,E106,P001,仕様変更,中,却下
B1146,2025-08-08,E103,P001,仕様変更,低,申請中
B1147,2025-02-16,E102,P002,コスト変更,低,承認済
B1148,2025-03-10,E108,P005,仕様変更,高,却下
B1149,2025-08-07,E105,P006,コスト変更,中,承認済
B1150,2025-09-11,E108,P005,仕様変更,高,却下
B1151,2025-02-13,E106,P003,コスト変更,中,却下
B1152,2025-01-02,E103,P005,図面修正,低,承認待ち
B1153,2025-08-14,E103,P003,コスト変更,中,申請中
B1154,2025-10-22,E106,P006,コスト変更,中,承認待ち
B1155,2025-09-02,E106,P003,コスト変更,低,却下
B1156,2025-10-22,E105,P003,図面修正,高,申請中
B1157,2025-10-02,E103,P003,図面修正,低,申請中
B1158,2025-11-11,E106,P001,コスト変更,中,承認済
B1159,2025-07-12,E102,P006,部品変更,高,承認待ち
B1160,2025-11-10,E108,P001,仕様変更,中,申請中
B1161,2025-06-06,E102,P005,図面修正,高,却下
B1162,2025-11-28,E106,P005,コスト変更,中,申請中
B1163,2025-12-16,E108,P001,図面修正,中,却下
B1164,2025-06-19,E102,P004,仕様変更,低,承認待ち
B1165,2025-06-16,E108,P006,図面修正,高,承認済
B1166,2025-06-14,E103,P004,仕様変更,低,承認待ち
B1167,2025-05-09,E102,P003,コスト変更,高,申請中
B1168,2025-12-28,E108,P001,図面修正,中,申請中
B1169,2025-10-26,E108,P004,コスト変更,高,承認済
B1170,2025-02-21,E105,P005,図面修正,中,承認済
B1171,2025-04-14,E106,P003,コスト変更,低,承認待ち
B1172,2025-01-21,E108,P002,コスト変更,高,却下
B1173,2025-05-21,E108,P005,コスト変更,低,申請中
B1174,2025-09-07,E105,P004,部品変更,高,承認待ち
B1175,2025-12-22,E105,P004,コスト変更,中,申請中
B1176,2025-11-07,E106,P003,図面修正,低,承認待ち
B1177,2025-05-22,E108,P002,コスト変更,高,申請中
B1178,2025-03-07,E102,P002,図面修正,中,却下
B1179,2025-09-14,E106,P006,仕様変更,高,承認待ち
B1180,2025-05-05,E102,P003,図面修正,低,承認待ち
B1181,2025-11-28,E102,P006,コスト変更,高,申請中
B1182,2025-02-11,E108,P003,仕様変更,中,承認済
B1183,2025-11-22,E102,P004,部品変更,高,申請中
B1184,2025-10-24,E108,P001,図面修正,中,申請中
B1185,2025-04-20,E102,P003,図面修正,低,却下
B1186,2025-12-24,E103,P004,部品変更,高,申請中
B1187,2025-03-07,E105,P004,コスト変更,中,申請中
B1188,2025-08-18,E105,P006,仕様変更,中,却下
B1189,2025-08-22,E103,P003,部品変更,中,却下
B1190,2025-12-12,E105,P001,仕様変更,低,申請中
B1191,2025-12-26,E103,P003,コスト変更,中,承認済
B1192,2025-11-04,E108,P002,コスト変更,中,申請中
B1193,2025-07-09,E105,P001,部品変更,中,承認待ち
B1194,2025-03-15,E105,P006,コスト変更,高,承認済
B1195,2025-02-27,E106,P004,コスト変更,中,却下
B1196,2025-02-27,E103,P006,図面修正,低,申請中
B1197,2025-06-14,E108,P006,図面修正,中,申請中
B1198,2025-01-21,E103,P006,コスト変更,低,承認待ち
B1199,2025-01-13,E103,P006,図面修正,中,申請中
B1200,2025-02-06,E103,P005,部品変更,低,却下
B1201,2025-06-15,E106,P006,部品変更,中,承認待ち
B1202,2025-11-19,E105,P003,部品変更,高,却下
B1203,2025-06-06,E106,P004,部品変更,高,申請中
B1204,2025-09-21,E108,P006,部品変更,高,却下
B1205,2025-04-09,E103,P001,コスト変更,低,却下
B1206,2025-10-09,E103,P001,図面修正,高,申請中
B1207,2025-01-23,E108,P004,コスト変更,低,却下
B1208,2025-02-08,E103,P002,図面修正,中,却下
B1209,2025-07-05,E106,P002,部品変更,中,承認待ち
B1210,2025-07-06,E106,P002,仕様変更,中,承認済
B1211,2025-04-20,E106,P002,図面修正,低,却下
B1212,2025-02-01,E106,P002,図面修正,低,却下
B1213,2025-11-07,E106,P006,コスト変更,低,承認済
B1214,2025-02-04,E108,P001,仕様変更,中,承認待ち
B1215,2025-08-12,E108,P006,仕様変更,高,承認済
B1216,2025-09-20,E106,P003,コスト変更,低,承認済
B1217,2025-03-18,E102,P005,部品変更,中,承認待ち
B1218,2025-09-16,E105,P004,部品変更,高,承認済
B1219,2025-12-17,E106,P002,図面修正,高,承認済
B1220,2025-01-05,E106,P003,図面修正,中,承認済
B1221,2025-05-20,E105,P005,図面修正,中,承認待ち
B1222,2025-06-24,E106,P002,コスト変更,高,承認待ち
B1223,2025-03-02,E103,P002,仕様変更,中,承認済
B1224,2025-03-23,E106,P004,仕様変更,中,申請中
B1225,2025-08-12,E108,P004,コスト変更,中,申請中
B1226,2025-12-28,E103,P001,図面修正,高,承認待ち
B1227,2025-05-06,E103,P006,図面修正,低,承認待ち
B1228,2025-10-01,E108,P005,部品変更,中,申請中
B1229,2025-04-25,E106,P006,仕様変更,中,申請中
B1230,2025-05-22,E102,P004,図面修正,低,申請中
B1231,2025-06-05,E102,P001,コスト変更,低,却下
B1232,2025-08-21,E105,P005,仕様変更,中,申請中
B1233,2025-11-20,E106,P003,部品変更,高,申請中
B1234,2025-11-10,E105,P001,仕様変更,低,却下
B1235,2025-02-13,E105,P002,部品変更,中,申請中
B1236,2025-01-28,E103,P002,コスト変更,中,承認済
B1237,2025-11-25,E103,P001,図面修正,中,却下
B1238,2025-12-26,E105,P006,部品変更,中,申請中
B1239,2025-06-17,E103,P004,コスト変更,中,却下
B1240,2025-05-19,E108,P004,仕様変更,中,承認済
B1241,2025-10-06,E106,P006,コスト変更,高,申請中
B1242,2025-09-11,E106,P006,部品変更,低,承認待ち
B1243,2025-08-17,E108,P001,図面修正,中,却下
B1244,2025-02-26,E106,P003,部品変更,高,承認済
B1245,2025-04-17,E106,P003,仕様変更,低,申請中
B1246,2025-01-17,E102,P005,コスト変更,中,申請中
B1247,2025-08-22,E108,P003,図面修正,中,申請中
B1248,2025-09-01,E102,P006,コスト変更,高,承認待ち
B1249,2025-07-02,E102,P004,図面修正,中,却下
B1250,2025-11-15,E108,P003,図面修正,高,承認待ち
B1251,2025-03-03,E108,P003,仕様変更,中,申請中
B1252,2025-01-13,E102,P001,部品変更,低,却下
B1253,2025-08-23,E106,P006,コスト変更,中,承認済
B1254,2025-12-22,E106,P003,仕様変更,高,承認待ち
B1255,2025-01-07,E102,P001,部品変更,高,承認待ち
B1256,2025-08-21,E103,P006,部品変更,中,承認待ち
B1257,2025-02-10,E106,P002,コスト変更,中,申請中
B1258,2025-02-06,E103,P006,コスト変更,中,却下
B1259,2025-01-28,E106,P005,部品変更,高,承認済
B1260,2025-10-27,E106,P001,図面修正,高,申請中
B1261,2025-11-28,E106,P004,コスト変更,低,承認済
B1262,2025-01-16,E106,P004,コスト変更,高,申請中
B1263,2025-09-01,E106,P005,図面修正,低,申請中
B1264,2025-05-21,E106,P004,仕様変更,中,承認済
B1265,2025-08-23,E106,P001,部品変更,中,承認待ち
B1266,2025-08-12,E106,P002,部品変更,低,承認済
B1267,2025-10-28,E106,P002,図面修正,低,却下
B1268,2025-07-27,E105,P004,部品変更,低,承認待ち
B1269,2025-05-23,E102,P006,コスト変更,高,承認待ち
B1270,2025-04-06,E108,P004,仕様変更,中,却下
B1271,2025-05-08,E103,P005,仕様変更,高,承認済
B1272,2025-05-12,E103,P002,仕様変更,高,承認済
B1273,2025-07-04,E108,P002,仕様変更,低,承認待ち
B1274,2025-08-09,E105,P003,仕様変更,低,承認済
B1275,2025-03-28,E108,P005,仕様変更,低,申請中
B1276,2025-08-26,E106,P001,仕様変更,低,申請中
B1277,2025-09-02,E108,P001,部品変更,低,申請中
B1278,2025-04-12,E103,P006,図面修正,低,却下
B1279,2025-09-16,E102,P002,図面修正,中,承認待ち
B1280,2025-02-28,E103,P004,コスト変更,高,承認待ち
B1281,2025-08-11,E105,P005,部品変更,高,承認済
B1282,2025-06-23,E106,P003,部品変更,高,却下
B1283,2025-04-05,E106,P004,コスト変更,中,承認済
B1284,2025-01-15,E103,P001,仕様変更,高,承認済
B1285,2025-06-13,E103,P004,仕様変更,中,申請中
B1286,2025-11-21,E103,P005,仕様変更,低,承認済
B1287,2025-07-13,E108,P003,図面修正,中,申請中
B1288,2025-05-17,E108,P002,コスト変更,中,承認待ち
B1289,2025-09-20,E108,P006,コスト変更,低,承認済
B1290,2025-11-13,E103,P003,仕様変更,高,承認済
B1291,2025-07-24,E103,P005,図面修正,高,申請中
B1292,2025-09-18,E105,P005,図面修正,低,承認待ち
B1293,2025-01-01,E108,P005,図面修正,高,承認済
B1294,2025-12-14,E108,P001,仕様変更,中,承認済
B1295,2025-11-17,E105,P001,仕様変更,低,申請中
B1296,2025-08-10,E108,P006,仕様変更,中,承認済
B1297,2025-04-26,E108,P005,部品変更,中,承認済
B1298,2025-05-22,E108,P006,部品変更,低,却下
B1299,2025-09-24,E103,P001,図面修正,低,承認待ち
B1300,2025-06-15,E102,P002,コスト変更,中,申請中
B1301,2025-02-02,E106,P002,コスト変更,高,却下
B1302,2025-02-12,E108,P004,コスト変更,中,却下
B1303,2025-11-14,E106,P006,コスト変更,低,却下
B1304,2025-03-05,E108,P002,コスト変更,低,却下
B1305,2025-03-23,E108,P005,仕様変更,低,承認待ち
B1306,2025-08-16,E102,P006,部品変更,低,承認済
B1307,2025-02-20,E106,P001,仕様変更,中,承認済
B1308,2025-01-17,E103,P001,図面修正,中,承認済
B1309,2025-05-10,E106,P001,部品変更,高,却下
B1310,2025-01-10,E105,P002,部品変更,低,却下
B1311,2025-01-04,E108,P003,仕様変更,高,却下
B1312,2025-08-19,E105,P005,コスト変更,中,却下
B1313,2025-08-27,E108,P002,部品変更,低,却下
B1314,2025-08-22,E106,P002,図面修正,高,却下
B1315,2025-07-08,E106,P003,仕様変更,低,却下
B1316,2025-12-09,E102,P002,仕様変更,低,承認済
B1317,2025-09-21,E102,P006,仕様変更,高,申請中
B1318,2025-10-17,E103,P004,仕様変更,高,承認待ち
B1319,2025-01-09,E103,P002,コスト変更,高,承認済
B1320,2025-07-19,E102,P004,仕様変更,中,却下
B1321,2025-03-14,E102,P005,図面修正,中,承認済
B1322,2025-02-04,E102,P005,部品変更,中,承認待ち
B1323,2025-03-09,E102,P002,図面修正,中,承認待ち
B1324,2025-01-20,E105,P002,仕様変更,低,申請中
B1325,2025-05-13,E102,P003,部品変更,中,承認済
B1326,2025-05-13,E102,P001,部品変更,高,承認待ち
B1327,2025-08-17,E108,P004,仕様変更,中,申請中
B1328,2025-06-15,E108,P004,仕様変更,中,申請中
B1329,2025-07-21,E103,P001,図面修正,低,申請中
B1330,2025-04-25,E108,P006,部品変更,中,却下
B1331,2025-08-03,E108,P002,部品変更,中,承認待ち
B1332,2025-04-18,E106,P005,コスト変更,高,申請中
B1333,2025-08-27,E108,P003,部品変更,高,申請中
B1334,2025-08-09,E108,P003,コスト変更,中,承認待ち
B1335,2025-10-27,E108,P003,仕様変更,高,申請中
B1336,2025-05-03,E106,P006,仕様変更,高,承認済
B1337,2025-07-07,E108,P005,図面修正,低,承認済
B1338,2025-11-09,E106,P003,部品変更,低,承認済
B1339,2025-06-07,E106,P005,図面修正,高,承認待ち
B1340,2025-11-01,E108,P004,仕様変更,高,承認待ち
B1341,2025-07-18,E106,P004,仕様変更,低,申請中
B1342,2025-09-01,E106,P006,仕様変更,中,却下
B1343,2025-10-12,E106,P002,仕様変更,高,却下
B1344,2025-06-07,E106,P001,部品変更,低,申請中
B1345,2025-05-22,E105,P002,仕様変更,低,承認済
B1346,2025-12-08,E103,P004,図面修正,高,承認済
B1347,2025-08-23,E108,P002,仕様変更,高,却下
B1348,2025-02-28,E105,P005,コスト変更,高,承認待ち
B1349,2025-11-24,E108,P006,部品変更,高,承認待ち
B1350,2025-12-03,E103,P003,部品変更,低,承認済
B1351,2025-04-28,E102,P006,図面修正,低,却下
B1352,2025-01-14,E102,P003,コスト変更,中,承認済
B1353,2025-02-22,E108,P004,コスト変更,中,申請中
B1354,2025-12-08,E102,P003,コスト変更,低,却下
B1355,2025-06-01,E106,P002,図面修正,高,申請中
B1356,2025-12-08,E106,P001,部品変更,高,承認待ち
B1357,2025-06-10,E102,P006,仕様変更,高,却下
B1358,2025-07-26,E102,P005,図面修正,中,承認待ち
B1359,2025-02-16,E103,P003,仕様変更,中,承認待ち
B1360,2025-02-25,E108,P005,コスト変更,高,却下
B1361,2025-10-04,E102,P001,仕様変更,中,承認済
B1362,2025-12-03,E103,P001,コスト変更,高,承認済
B1363,2025-10-21,E106,P001,仕様変更,低,申請中
B1364,2025-09-02,E105,P004,コスト変更,高,却下
B1365,2025-04-28,E108,P006,仕様変更,中,却下
B1366,2025-08-26,E106,P005,仕様変更,中,申請中
B1367,2025-08-17,E105,P005,部品変更,高,申請中
B1368,2025-01-20,E102,P005,部品変更,低,承認待ち
B1369,2025-11-17,E105,P003,コスト変更,中,却下
B1370,2025-03-08,E103,P001,仕様変更,高,承認済
B1371,2025-10-14,E108,P006,図面修正,中,承認待ち
B1372,2025-03-16,E105,P005,図面修正,中,承認済
B1373,2025-01-17,E108,P006,部品変更,高,承認待ち
B1374,2025-09-27,E108,P001,コスト変更,中,承認待ち
B1375,2025-04-21,E103,P001,図面修正,高,却下
B1376,2025-12-23,E106,P005,図面修正,低,承認済
B1377,2025-10-10,E106,P003,部品変更,高,却下
B1378,2025-01-16,E103,P001,部品変更,低,承認待ち
B1379,2025-08-20,E103,P002,コスト変更,低,承認済
B1380,2025-12-13,E103,P004,部品変更,高,承認済
B1381,2025-01-03,E105,P001,仕様変更,高,承認済
B1382,2025-08-07,E108,P003,仕様変更,高,承認待ち
B1383,2025-04-10,E103,P002,図面修正,低,承認待ち
B1384,2025-06-28,E108,P002,部品変更,高,申請中
B1385,2025-03-27,E105,P001,仕様変更,低,承認待ち
B1386,2025-07-21,E102,P003,部品変更,中,却下
B1387,2025-04-12,E105,P006,部品変更,低,却下
B1388,2025-12-03,E102,P002,部品変更,高,承認待ち
B1389,2025-09-13,E105,P003,コスト変更,低,承認待ち
B1390,2025-01-25,E108,P005,部品変更,低,承認済
B1391,2025-03-11,E103,P001,図面修正,高,却下
B1392,2025-04-24,E102,P004,仕様変更,高,却下
B1393,2025-11-25,E108,P003,コスト変更,低,却下
B1394,2025-03-11,E105,P005,コスト変更,低,却下
B1395,2025-08-09,E108,P004,仕様変更,高,承認待ち
B1396,2025-04-15,E103,P004,部品変更,中,却下
B1397,2025-07-19,E103,P003,図面修正,低,申請中
B1398,2025-03-25,E102,P003,コスト変更,低,承認済
B1399,2025-04-19,E102,P004,図面修正,中,却下
B1400,2025-08-14,E106,P003,コスト変更,中,承認済
B1401,2025-07-01,E103,P004,部品変更,中,申請中
B1402,2025-06-03,E105,P005,仕様変更,中,承認待ち
B1403,2025-02-04,E102,P003,仕様変更,低,承認待ち
B1404,2025-06-07,E105,P003,図面修正,低,承認済
B1405,2025-04-23,E108,P002,図面修正,高,承認済
B1406,2025-05-27,E105,P004,コスト変更,低,申請中
B1407,2025-08-21,E108,P002,コスト変更,高,承認待ち
B1408,2025-12-24,E103,P004,部品変更,低,却下
B1409,2025-12-27,E106,P003,仕様変更,中,承認待ち
B1410,2025-07-25,E106,P002,コスト変更,中,申請中
B1411,2025-06-05,E108,P002,図面修正,低,申請中
B1412,2025-08-26,E105,P003,部品変更,中,却下
B1413,2025-11-25,E106,P006,図面修正,中,申請中
B1414,2025-10-26,E102,P002,部品変更,中,却下
B1415,2025-07-07,E106,P001,コスト変更,高,却下
B1416,2025-02-11,E108,P004,図面修正,高,承認待ち
B1417,2025-02-22,E108,P002,仕様変更,低,却下
B1418,2025-01-06,E103,P001,コスト変更,中,承認待ち
B1419,2025-04-10,E108,P001,コスト変更,高,承認済
B1420,2025-09-01,E103,P003,コスト変更,中,承認待ち
B1421,2025-02-05,E108,P004,コスト変更,低,申請中
B1422,2025-07-28,E103,P002,部品変更,中,却下
B1423,2025-12-22,E106,P002,図面修正,低,承認待ち
B1424,2025-09-23,E106,P003,部品変更,高,承認待ち
B1425,2025-08-03,E106,P005,部品変更,低,承認済
B1426,2025-10-16,E106,P004,仕様変更,低,申請中
B1427,2025-05-21,E106,P003,図面修正,中,承認待ち
B1428,2025-07-08,E103,P005,コスト変更,中,却下
B1429,2025-11-06,E108,P001,コスト変更,低,申請中
B1430,2025-04-28,E103,P003,図面修正,低,申請中
B1431,2025-12-24,E103,P004,コスト変更,低,申請中
B1432,2025-06-03,E102,P005,図面修正,中,却下
B1433,2025-03-09,E103,P005,仕様変更,中,申請中
B1434,2025-02-21,E106,P004,図面修正,低,却下
B1435,2025-04-13,E102,P001,図面修正,高,承認待ち
B1436,2025-06-22,E106,P004,コスト変更,高,申請中
B1437,2025-09-22,E103,P006,コスト変更,高,却下
B1438,2025-05-27,E103,P002,仕様変更,低,申請中
B1439,2025-03-10,E102,P005,コスト変更,高,申請中
B1440,2025-11-25,E102,P006,図面修正,高,却下
B1441,2025-06-06,E103,P006,仕様変更,低,承認待ち
B1442,2025-08-23,E102,P006,仕様変更,中,承認済
B1443,2025-08-02,E108,P001,仕様変更,中,承認待ち
B1444,2025-04-12,E103,P002,仕様変更,高,却下
B1445,2025-01-01,E105,P002,仕様変更,高,申請中
B1446,2025-11-06,E103,P001,コスト変更,低,申請中
B1447,2025-06-11,E108,P006,部品変更,低,承認待ち
B1448,2025-09-13,E106,P001,部品変更,高,申請中
B1449,2025-06-11,E103,P001,コスト変更,低,承認済
B1450,2025-01-13,E103,P004,部品変更,高,承認済
B1451,2025-11-20,E105,P001,仕様変更,高,却下
B1452,2025-05-25,E108,P004,仕様変更,低,承認待ち
B1453,2025-05-04,E108,P003,コスト変更,低,承認待ち
B1454,2025-06-06,E105,P006,コスト変更,高,承認済
B1455,2025-01-20,E108,P004,コスト変更,低,承認待ち
B1456,2025-09-19,E102,P002,仕様変更,低,申請中
B1457,2025-05-08,E106,P002,仕様変更,高,承認待ち
B1458,2025-06-16,E105,P002,部品変更,中,承認待ち
B1459,2025-11-02,E103,P006,コスト変更,低,承認済
B1460,2025-03-09,E105,P006,仕様変更,低,却下
B1461,2025-11-27,E105,P001,部品変更,低,承認済
B1462,2025-06-08,E103,P005,仕様変更,低,承認待ち
B1463,2025-11-23,E103,P005,コスト変更,低,承認済
B1464,2025-03-15,E102,P001,コスト変更,高,承認待ち
B1465,2025-01-21,E103,P002,部品変更,高,承認待ち
B1466,2025-10-18,E103,P002,仕様変更,中,却下
B1467,2025-05-06,E103,P002,コスト変更,高,承認待ち
B1468,2025-05-10,E108,P004,部品変更,中,却下
B1469,2025-02-12,E106,P004,部品変更,中,却下
B1470,2025-07-17,E108,P006,コスト変更,高,却下
B1471,2025-01-25,E106,P004,仕様変更,中,承認待ち
B1472,2025-09-24,E103,P003,コスト変更,中,承認済
B1473,2025-08-10,E106,P005,コスト変更,高,承認済
B1474,2025-03-23,E106,P002,部品変更,高,申請中
B1475,2025-01-28,E108,P006,図面修正,中,却下
B1476,2025-07-13,E105,P004,コスト変更,中,申請中
B1477,2025-07-02,E102,P004,部品変更,高,却下
B1478,2025-05-25,E105,P005,コスト変更,低,承認済
B1479,2025-12-02,E106,P004,部品変更,高,却下
B1480,2025-01-27,E105,P006,仕様変更,低,承認待ち
B1481,2025-05-20,E106,P006,部品変更,中,承認待ち
B1482,2025-10-19,E103,P001,仕様変更,高,却下
B1483,2025-07-23,E108,P001,部品変更,中,承認待ち
B1484,2025-07-09,E105,P005,コスト変更,低,承認済
B1485,2025-12-14,E102,P001,図面修正,高,承認済
B1486,2025-12-07,E106,P006,図面修正,高,承認待ち
B1487,2025-08-01,E102,P001,コスト変更,低,却下
B1488,2025-11-10,E106,P002,部品変更,中,承認待ち
B1489,2025-12-05,E103,P004,部品変更,低,申請中
B1490,2025-08-19,E103,P002,部品変更,高,承認待ち
B1491,2025-04-09,E106,P004,仕様変更,低,承認待ち
B1492,2025-02-10,E102,P004,仕様変更,中,申請中
B1493,2025-06-01,E108,P002,コスト変更,中,申請中
B1494,2025-01-02,E105,P001,仕様変更,高,承認待ち
B1495,2025-09-26,E102,P004,図面修正,中,却下
B1496,2025-06-20,E106,P003,図面修正,低,承認済
B1497,2025-06-27,E103,P003,コスト変更,中,申請中
B1498,2025-06-28,E105,P001,仕様変更,中,却下
B1499,2025-12-27,E103,P001,仕様変更,低,承認済
B1500,2025-12-25,E103,P003,コスト変更,低,却下
B1501,2025-09-14,E103,P001,図面修正,高,承認済
B1502,2025-01-26,E105,P006,コスト変更,高,却下
B1503,2025-07-24,E108,P001,図面修正,中,却下
B1504,2025-11-28,E102,P006,コスト変更,中,承認待ち
B1505,2025-12-05,E108,P005,仕様変更,高,却下
B1506,2025-02-10,E108,P004,部品変更,中,申請中
B1507,2025-08-22,E108,P002,部品変更,高,承認待ち
B1508,2025-11-23,E102,P001,コスト変更,低,申請中
B1509,2025-03-11,E106,P003,部品変更,低,承認済
B1510,2025-11-16,E102,P006,部品変更,低,却下
B1511,2025-02-26,E105,P002,仕様変更,低,承認済
B1512,2025-07-23,E106,P006,コスト変更,高,承認待ち
B1513,2025-05-04,E105,P001,仕様変更,高,承認済
B1514,2025-12-19,E103,P006,仕様変更,低,承認済
B1515,2025-03-28,E105,P004,仕様変更,中,申請中
B1516,2025-10-18,E103,P004,コスト変更,中,承認済
B1517,2025-11-26,E103,P005,部品変更,高,却下
B1518,2025-01-18,E106,P003,部品変更,中,承認待ち
B1519,2025-08-22,E106,P002,図面修正,高,申請中
B1520,2025-10-11,E105,P005,仕様変更,中,却下
B1521,2025-11-27,E103,P004,図面修正,低,却下
B1522,2025-01-26,E105,P002,部品変更,低,承認待ち
B1523,2025-12-24,E102,P002,コスト変更,低,却下
B1524,2025-05-27,E103,P001,コスト変更,中,却下
B1525,2025-11-16,E105,P004,コスト変更,高,承認済
B1526,2025-05-23,E103,P006,コスト変更,高,承認待ち
B1527,2025-06-25,E108,P001,図面修正,中,承認待ち
B1528,2025-10-05,E106,P006,コスト変更,中,承認待ち
B1529,2025-04-07,E103,P006,仕様変更,中,申請中
B1530,2025-11-26,E103,P004,コスト変更,低,承認待ち
B1531,2025-01-04,E105,P004,部品変更,高,申請中
B1532,2025-09-21,E105,P005,コスト変更,高,却下
B1533,2025-04-02,E102,P002,コスト変更,中,承認済
B1534,2025-12-20,E103,P006,コスト変更,低,申請中
B1535,2025-08-28,E106,P003,コスト変更,中,申請中
B1536,2025-02-04,E102,P001,コスト変更,低,承認待ち
B1537,2025-01-19,E108,P005,コスト変更,中,申請中
B1538,2025-10-06,E106,P004,コスト変更,中,承認待ち
B1539,2025-02-11,E102,P006,部品変更,中,申請中
B1540,2025-07-18,E108,P005,コスト変更,高,申請中
B1541,2025-04-22,E102,P002,部品変更,高,却下
B1542,2025-06-04,E102,P002,部品変更,低,承認待ち
B1543,2025-02-18,E105,P001,仕様変更,高,承認済
B1544,2025-06-18,E103,P004,仕様変更,高,承認済
B1545,2025-01-17,E105,P006,コスト変更,高,却下
B1546,2025-12-11,E108,P003,部品変更,低,申請中
B1547,2025-11-27,E102,P002,仕様変更,高,承認待ち
B1548,2025-05-28,E103,P002,部品変更,低,承認済
B1549,2025-05-05,E108,P004,仕様変更,低,承認済
B1550,2025-05-13,E103,P004,コスト変更,高,承認済
B1551,2025-11-14,E103,P005,部品変更,高,承認済
B1552,2025-11-23,E103,P006,図面修正,低,承認待ち
B1553,2025-07-27,E103,P003,コスト変更,中,申請中
B1554,2025-10-08,E102,P003,仕様変更,低,申請中
B1555,2025-11-18,E106,P001,図面修正,低,申請中
B1556,2025-06-11,E105,P002,部品変更,中,申請中
B1557,2025-02-13,E103,P004,仕様変更,高,承認待ち
B1558,2025-09-24,E105,P005,コスト変更,高,承認済
B1559,2025-12-19,E105,P005,図面修正,低,申請中
B1560,2025-01-06,E105,P004,部品変更,中,却下
B1561,2025-08-19,E103,P003,仕様変更,低,承認待ち
B1562,2025-11-05,E103,P004,図面修正,高,承認済
B1563,2025-12-25,E103,P006,コスト変更,低,却下
B1564,2025-03-15,E105,P004,図面修正,中,却下
B1565,2025-09-23,E103,P003,仕様変更,中,却下
B1566,2025-06-28,E102,P006,仕様変更,高,承認待ち
B1567,2025-02-06,E108,P001,仕様変更,低,承認済
B1568,2025-09-16,E102,P004,部品変更,中,却下
B1569,2025-09-22,E108,P006,仕様変更,中,申請中
B1570,2025-10-07,E102,P006,コスト変更,低,承認済
B1571,2025-04-24,E108,P006,仕様変更,低,却下
B1572,2025-03-22,E108,P002,部品変更,高,承認済
B1573,2025-03-17,E105,P001,コスト変更,中,却下
B1574,2025-03-12,E102,P003,部品変更,低,申請中
B1575,2025-05-10,E106,P003,図面修正,高,申請中
B1576,2025-12-21,E108,P004,部品変更,中,申請中
B1577,2025-08-20,E106,P001,図面修正,高,却下
B1578,2025-06-10,E105,P001,仕様変更,中,承認待ち
B1579,2025-07-12,E102,P001,コスト変更,中,承認待ち
B1580,2025-02-17,E108,P002,コスト変更,高,却下
B1581,2025-01-05,E105,P002,コスト変更,中,承認済
B1582,2025-05-12,E106,P002,図面修正,高,却下
B1583,2025-11-27,E106,P002,部品変更,中,却下
B1584,2025-01-12,E103,P001,部品変更,中,申請中
B1585,2025-03-13,E106,P006,図面修正,高,承認待ち
B1586,2025-11-07,E106,P006,図面修正,高,却下
B1587,2025-08-18,E106,P006,部品変更,中,却下
B1588,2025-09-24,E106,P002,仕様変更,高,申請中
B1589,2025-03-05,E105,P005,仕様変更,低,承認待ち
B1590,2025-01-22,E105,P004,仕様変更,中,却下
B1591,2025-05-10,E106,P001,コスト変更,高,承認待ち
B1592,2025-12-17,E103,P002,図面修正,高,承認済
B1593,2025-12-08,E106,P002,コスト変更,低,申請中
B1594,2025-12-24,E108,P005,部品変更,高,承認待ち
B1595,2025-04-04,E103,P004,仕様変更,中,承認待ち
B1596,2025-03-14,E102,P005,部品変更,高,申請中
B1597,2025-07-14,E108,P003,部品変更,高,承認済
B1598,2025-07-16,E102,P005,コスト変更,低,申請中
B1599,2025-05-04,E105,P003,図面修正,中,却下
B1600,2025-04-11,E102,P002,仕様変更,高,申請中
B1601,2025-11-24,E105,P002,図面修正,中,承認済
B1602,2025-10-04,E106,P002,図面修正,中,承認済
B1603,2025-06-10,E102,P001,仕様変更,低,承認待ち
B1604,2025-06-12,E105,P006,図面修正,高,承認済
B1605,2025-04-19,E106,P001,仕様変更,高,申請中
B1606,2025-01-19,E103,P002,コスト変更,高,申請中
B1607,2025-09-20,E105,P003,コスト変更,高,承認待ち
B1608,2025-01-05,E103,P004,図面修正,低,承認済
B1609,2025-06-15,E102,P004,仕様変更,中,却下
B1610,2025-09-17,E102,P002,図面修正,低,承認待ち
B1611,2025-05-02,E108,P001,部品変更,低,却下
B1612,2025-08-22,E108,P005,仕様変更,高,却下
B1613,2025-09-13,E108,P004,コスト変更,低,承認済
B1614,2025-04-06,E102,P002,部品変更,低,申請中
B1615,2025-09-15,E108,P006,図面修正,中,承認待ち
B1616,2025-05-23,E105,P005,仕様変更,高,承認待ち
B1617,2025-01-18,E103,P003,仕様変更,低,承認待ち
B1618,2025-05-05,E105,P001,部品変更,高,申請中
B1619,2025-01-21,E105,P006,図面修正,中,申請中
B1620,2025-12-18,E105,P006,部品変更,中,承認済
B1621,2025-06-02,E102,P003,部品変更,低,承認済
B1622,2025-03-09,E102,P005,仕様変更,低,却下
B1623,2025-11-09,E108,P005,部品変更,中,承認待ち
B1624,2025-06-09,E103,P005,コスト変更,高,却下
B1625,2025-04-24,E106,P003,部品変更,中,申請中
B1626,2025-08-06,E106,P002,部品変更,高,却下
B1627,2025-12-06,E105,P001,図面修正,高,承認待ち
B1628,2025-07-22,E108,P002,仕様変更,高,申請中
B1629,2025-07-08,E106,P006,コスト変更,高,承認待ち
B1630,2025-12-25,E102,P005,仕様変更,中,却下
B1631,2025-01-04,E102,P006,仕様変更,高,承認待ち
B1632,2025-02-09,E103,P006,仕様変更,高,申請中
B1633,2025-09-24,E105,P006,仕様変更,高,承認待ち
B1634,2025-08-25,E108,P004,部品変更,中,承認済
B1635,2025-08-05,E103,P001,図面修正,低,申請中
B1636,2025-01-27,E102,P001,図面修正,高,却下
B1637,2025-03-01,E103,P001,部品変更,中,却下
B1638,2025-03-12,E105,P002,コスト変更,低,申請中
B1639,2025-08-06,E102,P002,仕様変更,中,承認済
B1640,2025-02-20,E105,P001,図面修正,高,申請中
B1641,2025-10-05,E103,P004,図面修正,低,承認待ち
B1642,2025-11-14,E103,P006,図面修正,低,承認済
B1643,2025-06-04,E105,P004,図面修正,中,申請中
B1644,2025-01-28,E103,P006,部品変更,中,承認待ち
B1645,2025-07-15,E106,P001,仕様変更,低,却下
B1646,2025-12-09,E103,P001,図面修正,高,承認待ち
B1647,2025-07-12,E105,P004,コスト変更,中,却下
B1648,2025-10-26,E105,P002,部品変更,中,却下
B1649,2025-09-16,E108,P005,コスト変更,低,承認待ち
B1650,2025-07-03,E108,P006,コスト変更,低,承認待ち
B1651,2025-12-03,E103,P003,仕様変更,高,申請中
B1652,2025-06-18,E106,P002,仕様変更,高,承認済
B1653,2025-06-28,E103,P003,コスト変更,高,却下
B1654,2025-04-07,E103,P001,部品変更,高,承認待ち
B1655,2025-07-24,E102,P006,コスト変更,中,申請中
B1656,2025-12-04,E108,P001,コスト変更,低,承認待ち
B1657,2025-01-05,E105,P002,仕様変更,高,申請中
B1658,2025-01-19,E106,P002,部品変更,中,承認待ち
B1659,2025-12-17,E105,P004,コスト変更,低,承認済
B1660,2025-08-26,E102,P003,仕様変更,高,申請中
B1661,2025-11-02,E108,P002,部品変更,高,却下
B1662,2025-07-22,E106,P005,図面修正,低,承認済
B1663,2025-12-08,E106,P002,図面修正,高,却下
B1664,2025-03-24,E103,P004,仕様変更,高,却下
B1665,2025-03-27,E108,P005,仕様変更,低,却下
B1666,2025-08-11,E106,P004,部品変更,高,承認済
B1667,2025-11-14,E103,P003,仕様変更,高,申請中
B1668,2025-06-20,E105,P001,部品変更,中,承認待ち
B1669,2025-09-04,E102,P002,仕様変更,中,承認待ち
B1670,2025-09-07,E102,P002,図面修正,高,申請中
B1671,2025-10-26,E106,P001,仕様変更,中,申請中
B1672,2025-05-01,E105,P003,コスト変更,低,承認待ち
B1673,2025-06-25,E106,P006,図面修正,高,申請中
B1674,2025-06-14,E108,P001,部品変更,高,却下
B1675,2025-08-19,E102,P003,部品変更,高,却下
B1676,2025-02-21,E102,P006,部品変更,高,承認待ち
B1677,2025-12-06,E108,P005,図面修正,中,承認待ち
B1678,2025-06-10,E105,P005,コスト変更,高,却下
B1679,2025-04-07,E108,P005,仕様変更,高,却下
B1680,2025-02-26,E102,P002,図面修正,低,申請中
B1681,2025-08-04,E106,P003,部品変更,中,承認待ち
B1682,2025-02-09,E108,P003,図面修正,高,申請中
B1683,2025-03-23,E106,P003,コスト変更,中,却下
B1684,2025-11-05,E102,P005,コスト変更,高,承認済
B1685,2025-05-13,E106,P005,部品変更,中,承認済
B1686,2025-09-28,E108,P003,図面修正,高,却下
B1687,2025-09-15,E105,P006,仕様変更,低,申請中
B1688,2025-12-26,E103,P006,仕様変更,高,申請中
B1689,2025-05-13,E103,P005,コスト変更,高,承認待ち
B1690,2025-07-28,E106,P006,仕様変更,中,却下
B1691,2025-08-21,E108,P004,仕様変更,高,承認待ち
B1692,2025-12-04,E106,P004,部品変更,中,承認済
B1693,2025-02-11,E105,P005,コスト変更,高,却下
B1694,2025-02-09,E106,P001,部品変更,中,承認待ち
B1695,2025-11-07,E105,P005,仕様変更,低,却下
B1696,2025-01-26,E105,P004,コスト変更,高,申請中
B1697,2025-04-28,E102,P006,コスト変更,中,承認済
B1698,2025-11-06,E102,P002,仕様変更,中,却下
B1699,2025-02-10,E106,P004,部品変更,低,承認済
B1700,2025-03-27,E102,P001,コスト変更,中,承認済
B1701,2025-03-07,E105,P004,コスト変更,中,承認待ち
B1702,2025-12-14,E105,P006,コスト変更,高,承認待ち
B1703,2025-02-24,E108,P005,部品変更,中,承認済
B1704,2025-01-05,E106,P002,コスト変更,中,申請中
B1705,2025-11-14,E105,P005,仕様変更,中,承認待ち
B1706,2025-11-15,E108,P001,仕様変更,高,承認待ち
B1707,2025-07-23,E108,P002,コスト変更,高,承認済
B1708,2025-04-07,E108,P001,図面修正,中,申請中
B1709,2025-05-10,E108,P001,コスト変更,低,却下
B1710,2025-07-14,E105,P003,コスト変更,低,承認済
B1711,2025-02-06,E106,P004,図面修正,高,承認待ち
B1712,2025-09-14,E106,P003,コスト変更,低,承認済
B1713,2025-12-20,E102,P001,仕様変更,高,申請中
B1714,2025-10-14,E102,P004,仕様変更,低,却下
B1715,2025-09-19,E102,P006,図面修正,中,承認待ち
B1716,2025-04-25,E106,P005,コスト変更,高,承認待ち
B1717,2025-08-04,E105,P004,コスト変更,低,却下
B1718,2025-01-12,E103,P005,図面修正,中,承認済
B1719,2025-05-27,E106,P006,部品変更,高,却下
B1720,2025-01-01,E102,P002,図面修正,低,承認済
B1721,2025-06-06,E108,P004,部品変更,低,却下
B1722,2025-04-20,E106,P001,コスト変更,高,却下
B1723,2025-12-06,E106,P003,部品変更,中,承認待ち
B1724,2025-02-23,E103,P005,仕様変更,低,却下
B1725,2025-11-09,E108,P002,図面修正,高,申請中
B1726,2025-02-01,E106,P001,部品変更,高,申請中
B1727,2025-10-13,E102,P006,部品変更,中,承認済
B1728,2025-03-08,E103,P003,部品変更,低,承認待ち
B1729,2025-12-25,E106,P003,仕様変更,中,申請中
B1730,2025-03-21,E102,P006,仕様変更,高,却下
B1731,2025-10-04,E102,P002,図面修正,中,承認待ち
B1732,2025-02-03,E106,P003,部品変更,中,申請中
B1733,2025-08-26,E102,P004,仕様変更,中,申請中
B1734,2025-04-22,E106,P004,図面修正,低,却下
B1735,2025-03-06,E105,P001,部品変更,低,申請中
B1736,2025-02-11,E105,P004,仕様変更,高,承認済
B1737,2025-02-07,E108,P001,仕様変更,低,承認待ち
B1738,2025-04-28,E105,P001,部品変更,高,承認済
B1739,2025-03-08,E102,P006,部品変更,中,承認済
B1740,2025-08-07,E102,P003,図面修正,中,却下
B1741,2025-07-17,E106,P002,図面修正,高,承認待ち
B1742,2025-11-28,E105,P004,仕様変更,低,承認済
B1743,2025-03-26,E103,P006,コスト変更,中,却下
B1744,2025-07-20,E105,P003,仕様変更,低,却下
B1745,2025-07-07,E108,P003,図面修正,低,申請中
B1746,2025-08-06,E102,P005,図面修正,低,却下
B1747,2025-05-20,E108,P003,コスト変更,高,申請中
B1748,2025-03-26,E105,P004,部品変更,中,承認待ち
B1749,2025-02-07,E105,P003,部品変更,中,申請中
B1750,2025-01-11,E102,P006,図面修正,高,却下
B1751,2025-10-26,E105,P002,仕様変更,中,承認済
B1752,2025-10-07,E108,P002,仕様変更,低,承認済
B1753,2025-12-20,E102,P005,コスト変更,低,却下
B1754,2025-06-27,E105,P002,部品変更,高,却下
B1755,2025-08-02,E105,P004,仕様変更,高,却下
B1756,2025-03-20,E105,P005,コスト変更,高,申請中
B1757,2025-05-01,E108,P001,コスト変更,中,承認待ち
B1758,2025-07-02,E108,P005,仕様変更,中,申請中
B1759,2025-02-16,E102,P004,図面修正,中,承認済
B1760,2025-06-13,E102,P005,図面修正,中,申請中
B1761,2025-07-10,E106,P004,仕様変更,中,申請中
B1762,2025-01-08,E102,P001,部品変更,高,承認済
B1763,2025-12-24,E106,P002,部品変更,高,承認待ち
B1764,2025-12-26,E105,P005,仕様変更,低,申請中
B1765,2025-05-26,E102,P001,仕様変更,中,申請中
B1766,2025-05-11,E108,P004,図面修正,低,承認待ち
B1767,2025-03-19,E106,P001,部品変更,中,承認待ち
B1768,2025-10-28,E106,P006,コスト変更,低,申請中
B1769,2025-09-17,E103,P005,コスト変更,低,却下
B1770,2025-05-11,E106,P002,仕様変更,中,承認済
B1771,2025-12-03,E105,P005,部品変更,低,承認待ち
B1772,2025-12-03,E102,P004,仕様変更,高,申請中
B1773,2025-11-07,E106,P004,部品変更,中,申請中
B1774,2025-06-07,E108,P005,図面修正,中,却下
B1775,2025-11-05,E108,P001,部品変更,高,承認済
B1776,2025-07-15,E108,P005,部品変更,中,承認待ち
B1777,2025-02-09,E106,P002,図面修正,低,申請中
B1778,2025-03-15,E102,P006,仕様変更,高,申請中
B1779,2025-08-06,E105,P001,コスト変更,低,却下
B1780,2025-06-09,E102,P005,仕様変更,中,却下
B1781,2025-04-05,E106,P005,コスト変更,低,承認済
B1782,2025-01-15,E105,P003,仕様変更,高,却下
B1783,2025-12-14,E103,P003,部品変更,中,承認待ち
B1784,2025-10-09,E108,P005,コスト変更,低,却下
B1785,2025-02-22,E102,P006,部品変更,高,承認待ち
B1786,2025-02-02,E102,P005,図面修正,高,申請中
B1787,2025-09-04,E105,P002,コスト変更,中,却下
B1788,2025-02-08,E105,P004,部品変更,高,承認待ち
B1789,2025-06-21,E105,P006,図面修正,低,申請中
B1790,2025-02-06,E108,P006,コスト変更,低,承認済
B1791,2025-12-08,E103,P003,仕様変更,高,承認待ち
B1792,2025-06-15,E103,P001,コスト変更,中,承認済
B1793,2025-01-06,E105,P001,部品変更,低,申請中
B1794,2025-10-12,E106,P005,仕様変更,中,承認待ち
B1795,2025-08-04,E102,P001,図面修正,高,承認待ち
B1796,2025-03-25,E102,P001,図面修正,低,承認済
B1797,2025-08-16,E105,P005,図面修正,低,却下
B1798,2025-05-12,E106,P001,図面修正,中,承認済
B1799,2025-09-25,E108,P004,仕様変更,中,申請中
B1800,2025-03-14,E103,P006,部品変更,中,却下
B1801,2025-01-08,E108,P006,コスト変更,中,承認待ち
B1802,2025-12-03,E103,P004,仕様変更,中,却下
B1803,2025-09-06,E105,P006,図面修正,中,却下
B1804,2025-10-14,E105,P003,部品変更,高,承認済
B1805,2025-10-04,E106,P004,図面修正,中,申請中
B1806,2025-01-16,E103,P004,部品変更,低,承認済
B1807,2025-10-18,E103,P003,コスト変更,中,申請中
B1808,2025-05-01,E106,P001,部品変更,中,申請中
B1809,2025-01-16,E105,P001,コスト変更,中,申請中
B1810,2025-01-09,E103,P003,図面修正,低,承認待ち
B1811,2025-02-23,E105,P002,部品変更,中,申請中
B1812,2025-05-08,E102,P004,図面修正,高,却下
B1813,2025-07-13,E102,P003,図面修正,低,承認済
B1814,2025-03-19,E106,P006,図面修正,低,承認待ち
B1815,2025-11-25,E103,P003,部品変更,中,承認待ち
B1816,2025-05-10,E102,P003,コスト変更,低,承認待ち
B1817,2025-07-26,E106,P001,部品変更,低,却下
B1818,2025-12-11,E108,P006,図面修正,中,承認済
B1819,2025-07-15,E106,P004,コスト変更,高,申請中
B1820,2025-07-03,E103,P005,図面修正,高,承認済
B1821,2025-03-20,E108,P005,図面修正,高,却下
B1822,2025-03-13,E102,P004,コスト変更,高,申請中
B1823,2025-01-09,E102,P003,仕様変更,中,却下
B1824,2025-12-11,E102,P001,仕様変更,低,承認待ち
B1825,2025-09-05,E108,P006,コスト変更,高,承認待ち
B1826,2025-11-21,E103,P003,図面修正,低,申請中
B1827,2025-08-20,E103,P001,仕様変更,高,承認待ち
B1828,2025-10-04,E108,P001,部品変更,高,申請中
B1829,2025-08-01,E108,P004,コスト変更,高,申請中
B1830,2025-05-13,E106,P002,部品変更,低,承認済
B1831,2025-10-22,E106,P006,仕様変更,中,承認待ち
B1832,2025-11-01,E103,P002,部品変更,高,承認待ち
B1833,2025-08-16,E105,P003,仕様変更,低,却下
B1834,2025-06-22,E105,P004,コスト変更,低,申請中
B1835,2025-08-14,E106,P002,仕様変更,中,却下
B1836,2025-02-19,E106,P001,図面修正,高,却下
B1837,2025-01-12,E103,P004,コスト変更,中,申請中
B1838,2025-03-12,E108,P005,部品変更,中,却下
B1839,2025-09-03,E103,P006,部品変更,中,承認済
B1840,2025-08-23,E103,P003,図面修正,中,申請中
B1841,2025-11-16,E106,P004,部品変更,低,承認済
B1842,2025-03-23,E105,P005,図面修正,低,却下
B1843,2025-02-02,E102,P006,部品変更,高,申請中
B1844,2025-11-04,E106,P006,コスト変更,中,承認待ち
B1845,2025-12-26,E103,P001,部品変更,低,却下
B1846,2025-07-03,E102,P005,図面修正,高,申請中
B1847,2025-12-03,E106,P003,仕様変更,高,承認済
B1848,2025-02-23,E106,P004,部品変更,低,承認待ち
B1849,2025-04-09,E106,P004,図面修正,高,承認待ち
B1850,2025-12-06,E106,P005,部品変更,高,申請中
B1851,2025-11-22,E102,P002,仕様変更,高,申請中
B1852,2025-06-25,E106,P005,仕様変更,中,承認待ち
B1853,2025-11-24,E108,P004,部品変更,高,却下
B1854,2025-09-12,E105,P005,部品変更,高,却下
B1855,2025-07-21,E106,P001,仕様変更,高,承認済
B1856,2025-02-04,E106,P002,仕様変更,低,承認済
B1857,2025-01-08,E105,P003,コスト変更,低,承認済
B1858,2025-02-28,E103,P003,仕様変更,低,承認待ち
B1859,2025-09-20,E108,P003,コスト変更,低,申請中
B1860,2025-09-23,E102,P005,コスト変更,中,申請中
B1861,2025-01-11,E106,P003,部品変更,中,申請中
B1862,2025-03-07,E108,P006,図面修正,低,申請中
B1863,2025-04-16,E102,P005,仕様変更,中,申請中
B1864,2025-07-20,E108,P001,コスト変更,高,承認済
B1865,2025-12-02,E102,P001,コスト変更,低,承認待ち
B1866,2025-11-12,E106,P004,図面修正,高,申請中
B1867,2025-01-01,E103,P005,コスト変更,低,申請中
B1868,2025-09-16,E102,P004,コスト変更,低,承認待ち
B1869,2025-07-23,E106,P005,部品変更,高,却下
B1870,2025-02-20,E105,P003,部品変更,中,却下
B1871,2025-01-08,E103,P001,仕様変更,高,却下
B1872,2025-12-25,E108,P005,仕様変更,高,承認待ち
B1873,2025-01-03,E102,P002,コスト変更,高,承認済
B1874,2025-01-11,E105,P005,部品変更,中,承認待ち
B1875,2025-10-13,E106,P006,仕様変更,低,申請中
B1876,2025-02-09,E108,P002,コスト変更,低,承認済
B1877,2025-04-15,E105,P003,図面修正,低,承認待ち
B1878,2025-09-09,E105,P006,仕様変更,高,承認済
B1879,2025-07-23,E108,P004,図面修正,高,承認待ち
B1880,2025-03-27,E108,P002,図面修正,低,承認待ち
B1881,2025-02-12,E103,P001,部品変更,低,却下
B1882,2025-11-25,E106,P001,仕様変更,中,申請中
B1883,2025-05-09,E108,P004,図面修正,高,申請中
B1884,2025-05-28,E108,P004,コスト変更,高,却下
B1885,2025-07-15,E102,P002,部品変更,中,承認待ち
B1886,2025-11-14,E108,P001,図面修正,高,承認済
B1887,2025-01-20,E105,P003,部品変更,高,承認済
B1888,2025-12-27,E108,P004,コスト変更,低,申請中
B1889,2025-02-18,E106,P006,図面修正,低,却下
B1890,2025-07-19,E108,P005,図面修正,高,却下
B1891,2025-08-24,E103,P002,仕様変更,中,承認済
B1892,2025-02-08,E108,P003,図面修正,低,却下
B1893,2025-01-20,E105,P003,図面修正,低,承認済
B1894,2025-11-26,E108,P001,仕様変更,中,承認済
B1895,2025-05-28,E103,P004,コスト変更,高,却下
B1896,2025-01-15,E102,P003,コスト変更,低,承認待ち
B1897,2025-07-02,E108,P001,図面修正,低,承認済
B1898,2025-02-15,E103,P003,図面修正,中,却下
B1899,2025-03-08,E103,P002,仕様変更,高,申請中
B1900,2025-11-02,E103,P006,コスト変更,低,承認済
B1901,2025-01-18,E103,P001,図面修正,中,申請中
B1902,2025-11-28,E105,P005,仕様変更,低,承認待ち
B1903,2025-06-04,E102,P005,コスト変更,高,申請中
B1904,2025-04-07,E105,P005,図面修正,低,却下
B1905,2025-02-21,E106,P003,部品変更,高,承認済
B1906,2025-10-26,E105,P003,コスト変更,低,承認済
B1907,2025-08-10,E108,P001,部品変更,中,申請中
B1908,2025-05-05,E108,P001,仕様変更,低,承認待ち
B1909,2025-06-17,E108,P005,図面修正,高,却下
B1910,2025-10-02,E103,P004,仕様変更,高,承認待ち
B1911,2025-10-17,E108,P006,コスト変更,低,申請中
B1912,2025-09-26,E102,P005,コスト変更,低,却下
B1913,2025-06-09,E103,P005,図面修正,高,承認済
B1914,2025-04-26,E105,P002,コスト変更,中,申請中
B1915,2025-12-08,E106,P006,コスト変更,中,申請中
B1916,2025-06-18,E108,P001,図面修正,低,却下
B1917,2025-10-08,E106,P004,部品変更,低,承認待ち
B1918,2025-09-08,E106,P006,部品変更,低,承認済
B1919,2025-05-11,E105,P001,仕様変更,中,却下
B1920,2025-09-05,E108,P004,部品変更,高,却下
B1921,2025-01-06,E102,P004,図面修正,低,却下
B1922,2025-12-04,E103,P001,コスト変更,高,承認待ち
B1923,2025-02-05,E108,P005,コスト変更,中,承認済
B1924,2025-03-13,E108,P002,図面修正,高,承認済
B1925,2025-06-19,E108,P005,仕様変更,低,申請中
B1926,2025-02-24,E105,P004,コスト変更,低,却下
B1927,2025-12-27,E106,P003,コスト変更,低,承認待ち
B1928,2025-12-06,E108,P005,仕様変更,高,申請中
B1929,2025-10-19,E105,P006,コスト変更,中,承認済
B1930,2025-08-06,E108,P006,図面修正,高,承認待ち
B1931,2025-05-16,E105,P001,コスト変更,中,承認済
B1932,2025-07-11,E103,P002,仕様変更,低,承認待ち
B1933,2025-07-17,E105,P005,図面修正,高,承認済
B1934,2025-05-06,E102,P003,図面修正,中,却下
B1935,2025-04-06,E105,P003,仕様変更,高,承認済
B1936,2025-03-04,E103,P005,部品変更,高,申請中
B1937,2025-09-18,E103,P001,コスト変更,高,承認済
B1938,2025-04-10,E108,P004,コスト変更,低,承認待ち
B1939,2025-08-10,E102,P006,仕様変更,中,却下
B1940,2025-08-09,E102,P002,図面修正,低,申請中
B1941,2025-06-26,E102,P006,部品変更,低,申請中
B1942,2025-06-06,E108,P003,図面修正,中,申請中
B1943,2025-12-23,E105,P001,コスト変更,高,承認済
B1944,2025-04-27,E108,P006,仕様変更,低,申請中
B1945,2025-04-05,E108,P004,部品変更,低,承認待ち
B1946,2025-05-16,E103,P004,部品変更,低,却下
B1947,2025-05-05,E103,P006,仕様変更,低,承認待ち
B1948,2025-01-14,E102,P004,部品変更,低,承認待ち
B1949,2025-01-14,E105,P005,コスト変更,低,承認待ち
B1950,2025-11-12,E106,P005,部品変更,中,承認待ち
B1951,2025-05-22,E106,P004,コスト変更,低,承認済
B1952,2025-09-16,E105,P001,部品変更,高,承認済
B1953,2025-07-15,E105,P002,コスト変更,高,承認待ち
B1954,2025-08-11,E102,P003,コスト変更,低,承認待ち
B1955,2025-08-27,E106,P005,コスト変更,低,承認待ち
B1956,2025-01-10,E105,P005,部品変更,中,申請中
B1957,2025-09-25,E105,P003,図面修正,中,却下
B1958,2025-08-14,E106,P003,仕様変更,中,却下
B1959,2025-12-08,E105,P006,仕様変更,中,却下
B1960,2025-07-08,E108,P002,部品変更,低,申請中
B1961,2025-10-20,E105,P002,仕様変更,低,申請中
B1962,2025-07-03,E105,P003,仕様変更,低,申請中
B1963,2025-09-07,E105,P005,部品変更,高,却下
B1964,2025-12-08,E105,P002,図面修正,中,却下
B1965,2025-04-18,E103,P001,仕様変更,高,申請中
B1966,2025-09-13,E106,P001,部品変更,中,承認済
B1967,2025-01-08,E103,P001,図面修正,低,申請中
B1968,2025-07-21,E106,P002,図面修正,高,申請中
B1969,2025-02-17,E106,P001,仕様変更,低,承認待ち
B1970,2025-02-24,E108,P004,部品変更,低,承認済
B1971,2025-06-14,E108,P006,仕様変更,中,承認済
B1972,2025-08-07,E102,P003,コスト変更,中,承認済
B1973,2025-07-03,E103,P004,図面修正,中,承認済
B1974,2025-12-18,E108,P002,コスト変更,高,却下
B1975,2025-12-13,E105,P005,仕様変更,中,承認待ち
B1976,2025-10-01,E106,P002,コスト変更,中,却下
B1977,2025-10-04,E105,P003,部品変更,低,申請中
B1978,2025-02-18,E103,P002,コスト変更,低,承認待ち
B1979,2025-02-05,E106,P005,コスト変更,低,承認待ち
B1980,2025-01-25,E106,P003,コスト変更,中,承認済
B1981,2025-03-02,E105,P006,コスト変更,高,承認済
B1982,2025-12-07,E108,P004,コスト変更,中,承認待ち
B1983,2025-06-15,E106,P005,仕様変更,高,却下
B1984,2025-12-03,E106,P002,仕様変更,高,申請中
B1985,2025-03-07,E106,P001,仕様変更,中,却下
B1986,2025-03-21,E108,P004,部品変更,低,却下
B1987,2025-07-01,E105,P001,コスト変更,中,承認済
B1988,2025-09-11,E108,P003,部品変更,高,承認済
B1989,2025-09-22,E103,P005,図面修正,低,承認済
B1990,2025-08-15,E103,P003,部品変更,高,却下
B1991,2025-01-11,E106,P002,部品変更,中,申請中
B1992,2025-01-10,E103,P002,仕様変更,低,却下
B1993,2025-06-04,E102,P005,コスト変更,低,承認待ち
B1994,2025-02-12,E108,P002,図面修正,低,申請中
B1995,2025-04-09,E105,P004,図面修正,中,却下
B1996,2025-05-18,E108,P006,部品変更,高,承認待ち
B1997,2025-02-24,E103,P003,部品変更,中,申請中
B1998,2025-03-26,E108,P005,コスト変更,中,承認済
B1999,2025-12-28,E108,P006,コスト変更,高,承認待ち
B2000,2025-01-26,E103,P002,仕様変更,低,承認待ち
B2001,2025-03-06,E106,P001,図面修正,高,申請中
B2002,2025-03-17,E106,P004,コスト変更,中,承認済
B2003,2025-09-25,E102,P002,コスト変更,中,却下
B2004,2025-12-16,E105,P003,図面修正,低,申請中
B2005,2025-10-27,E103,P002,図面修正,低,承認待ち
B2006,2025-07-18,E106,P004,図面修正,低,申請中
B2007,2025-09-14,E105,P002,仕様変更,中,却下
B2008,2025-11-12,E106,P002,部品変更,中,承認済
B2009,2025-03-24,E102,P002,コスト変更,中,承認待ち
B2010,2025-01-19,E105,P003,仕様変更,中,承認済
B2011,2025-09-01,E108,P003,仕様変更,低,承認済
B2012,2025-11-16,E106,P001,図面修正,中,申請中
B2013,2025-10-27,E102,P006,コスト変更,低,却下
B2014,2025-08-06,E106,P006,仕様変更,高,承認済
B2015,2025-01-20,E103,P006,部品変更,高,申請中
B2016,2025-07-27,E102,P001,コスト変更,低,申請中
B2017,2025-06-04,E108,P003,部品変更,低,申請中
B2018,2025-06-27,E105,P006,部品変更,低,承認済
B2019,2025-09-01,E106,P004,仕様変更,高,承認待ち
B2020,2025-09-05,E105,P001,部品変更,中,申請中
B2021,2025-05-20,E103,P006,コスト変更,高,申請中
B2022,2025-05-09,E108,P003,仕様変更,中,却下
B2023,2025-10-27,E102,P005,コスト変更,高,申請中
B2024,2025-02-06,E102,P002,図面修正,低,申請中
B2025,2025-03-26,E102,P002,図面修正,中,申請中
B2026,2025-12-08,E105,P006,部品変更,低,承認待ち
B2027,2025-05-02,E106,P006,図面修正,高,承認済
B2028,2025-03-19,E105,P004,部品変更,高,承認済
B2029,2025-04-06,E105,P003,コスト変更,中,申請中
B2030,2025-08-12,E108,P003,図面修正,低,却下
B2031,2025-11-22,E103,P001,コスト変更,高,承認待ち
B2032,2025-12-14,E105,P006,図面修正,高,承認済
B2033,2025-12-17,E108,P006,図面修正,高,承認待ち
B2034,2025-05-07,E106,P003,仕様変更,高,承認待ち
B2035,2025-08-05,E106,P005,図面修正,中,却下
B2036,2025-11-19,E102,P003,仕様変更,低,承認済
B2037,2025-01-06,E106,P004,図面修正,中,申請中
B2038,2025-03-12,E105,P002,コスト変更,低,承認待ち
B2039,2025-01-15,E108,P004,コスト変更,低,却下
B2040,2025-08-27,E103,P003,図面修正,低,承認済
B2041,2025-08-22,E106,P003,仕様変更,高,申請中
B2042,2025-07-14,E105,P005,コスト変更,低,申請中
B2043,2025-03-17,E103,P003,部品変更,低,承認待ち
B2044,2025-03-22,E105,P001,仕様変更,中,承認待ち
B2045,2025-06-15,E106,P002,コスト変更,高,承認待ち
B2046,2025-04-06,E105,P003,仕様変更,高,承認待ち
B2047,2025-04-14,E102,P006,部品変更,高,承認済
B2048,2025-01-16,E103,P003,仕様変更,中,却下
B2049,2025-12-07,E106,P006,コスト変更,中,承認待ち
B2050,2025-02-13,E103,P003,部品変更,中,承認済
B2051,2025-05-27,E106,P005,コスト変更,低,申請中
B2052,2025-06-16,E108,P001,部品変更,低,承認待ち
B2053,2025-04-12,E105,P003,仕様変更,低,却下
B2054,2025-02-21,E103,P002,コスト変更,高,申請中
B2055,2025-04-10,E106,P001,図面修正,中,承認待ち
B2056,2025-07-05,E105,P003,コスト変更,低,却下
B2057,2025-01-09,E106,P002,部品変更,中,申請中
B2058,2025-08-26,E102,P003,仕様変更,低,却下
B2059,2025-01-06,E105,P002,コスト変更,低,却下
B2060,2025-01-16,E106,P004,仕様変更,中,却下
B2061,2025-05-24,E102,P005,コスト変更,低,承認済
B2062,2025-08-23,E105,P005,図面修正,高,承認待ち
B2063,2025-07-18,E106,P006,仕様変更,高,申請中
B2064,2025-06-23,E108,P003,部品変更,低,却下
B2065,2025-07-02,E106,P003,仕様変更,高,却下
B2066,2025-08-12,E102,P005,図面修正,中,却下
B2067,2025-06-22,E105,P001,図面修正,高,承認済
B2068,2025-06-14,E102,P004,図面修正,中,申請中
B2069,2025-10-04,E105,P006,仕様変更,低,却下
B2070,2025-04-06,E102,P005,仕様変更,高,承認待ち
B2071,2025-11-16,E106,P003,図面修正,中,承認待ち
B2072,2025-12-27,E108,P005,コスト変更,高,申請中
B2073,2025-06-12,E102,P002,仕様変更,中,申請中
B2074,2025-06-21,E105,P004,コスト変更,高,承認待ち
B2075,2025-12-09,E102,P004,仕様変更,高,承認済
B2076,2025-05-20,E108,P005,部品変更,低,申請中
B2077,2025-06-19,E106,P002,コスト変更,中,承認待ち
B2078,2025-05-17,E102,P005,コスト変更,高,承認済
B2079,2025-05-01,E106,P002,仕様変更,中,承認待ち
B2080,2025-05-09,E106,P005,図面修正,高,承認待ち
B2081,2025-04-01,E105,P002,仕様変更,低,承認済
B2082,2025-12-23,E108,P004,コスト変更,低,承認済
B2083,2025-09-13,E106,P005,仕様変更,中,承認済
B2084,2025-06-12,E106,P002,コスト変更,低,却下
B2085,2025-04-18,E103,P006,コスト変更,中,却下
B2086,2025-01-22,E108,P001,コスト変更,低,承認済
B2087,2025-02-07,E108,P003,図面修正,中,承認済
B2088,2025-08-22,E106,P001,部品変更,低,承認待ち
B2089,2025-10-12,E108,P004,コスト変更,高,承認済
B2090,2025-09-24,E106,P002,コスト変更,低,承認待ち
B2091,2025-07-20,E102,P001,コスト変更,高,承認待ち
B2092,2025-02-19,E105,P002,部品変更,低,却下
B2093,2025-09-14,E105,P002,コスト変更,低,承認済
B2094,2025-06-25,E105,P006,仕様変更,低,承認済
B2095,2025-09-18,E108,P004,部品変更,中,却下
B2096,2025-08-10,E106,P002,部品変更,中,承認済
B2097,2025-01-18,E105,P004,部品変更,低,申請中
B2098,2025-07-19,E106,P004,コスト変更,高,申請中
B2099,2025-10-08,E103,P005,仕様変更,低,却下
B2100,2025-01-11,E108,P002,部品変更,低,却下
B2101,2025-11-03,E105,P001,コスト変更,低,承認待ち
B2102,2025-03-15,E105,P006,部品変更,高,却下
B2103,2025-12-07,E105,P002,図面修正,高,申請中
B2104,2025-04-19,E106,P004,部品変更,低,却下
B2105,2025-04-26,E103,P004,仕様変更,低,承認済
B2106,2025-03-08,E106,P006,仕様変更,高,申請中
B2107,2025-11-22,E106,P005,コスト変更,中,申請中
B2108,2025-07-09,E108,P001,仕様変更,中,却下
B2109,2025-12-02,E105,P004,仕様変更,中,却下
B2110,2025-12-17,E106,P004,仕様変更,高,承認待ち
B2111,2025-05-25,E108,P001,部品変更,中,却下
B2112,2025-11-11,E103,P002,コスト変更,高,承認済
B2113,2025-02-11,E102,P004,コスト変更,高,承認済
B2114,2025-06-10,E106,P003,コスト変更,低,承認済
B2115,2025-10-09,E108,P001,部品変更,高,承認済
B2116,2025-01-08,E105,P005,図面修正,低,承認済
B2117,2025-05-23,E103,P005,図面修正,中,却下
B2118,2025-11-10,E103,P006,部品変更,高,承認済
B2119,2025-07-09,E103,P001,部品変更,低,承認済
B2120,2025-03-19,E102,P003,図面修正,低,却下
B2121,2025-08-20,E103,P003,部品変更,低,承認済
B2122,2025-09-12,E106,P004,部品変更,低,却下
B2123,2025-03-16,E106,P001,仕様変更,中,承認待ち
B2124,2025-05-07,E103,P002,図面修正,低,申請中
B2125,2025-11-07,E105,P004,コスト変更,低,申請中
B2126,2025-12-28,E108,P002,部品変更,中,申請中
B2127,2025-07-21,E102,P003,仕様変更,中,申請中
B2128,2025-01-15,E108,P005,部品変更,高,承認済
B2129,2025-12-06,E103,P002,コスト変更,高,申請中
B2130,2025-10-09,E108,P003,仕様変更,低,承認待ち
B2131,2025-12-27,E102,P002,図面修正,高,承認待ち
B2132,2025-04-08,E108,P005,コスト変更,中,申請中
B2133,2025-09-26,E102,P003,仕様変更,高,却下
B2134,2025-02-15,E102,P004,部品変更,高,承認待ち
B2135,2025-10-16,E105,P005,仕様変更,低,却下
B2136,2025-02-24,E106,P006,部品変更,低,却下
B2137,2025-01-09,E106,P005,図面修正,中,承認待ち
B2138,2025-06-17,E106,P005,図面修正,低,承認済
B2139,2025-05-28,E108,P002,図面修正,中,承認済
B2140,2025-11-15,E102,P002,コスト変更,高,承認済
B2141,2025-09-16,E106,P002,部品変更,高,却下
B2142,2025-11-10,E102,P004,図面修正,低,承認待ち
B2143,2025-04-25,E102,P002,部品変更,中,承認済
B2144,2025-06-25,E108,P004,仕様変更,低,承認済
B2145,2025-10-07,E108,P006,部品変更,中,承認待ち
B2146,2025-04-25,E106,P002,部品変更,低,承認待ち
B2147,2025-06-17,E106,P006,コスト変更,低,承認済
B2148,2025-04-09,E106,P003,図面修正,高,承認済
B2149,2025-06-24,E105,P006,図面修正,中,承認済
B2150,2025-07-19,E106,P004,仕様変更,中,申請中
B2151,2025-07-12,E103,P004,図面修正,高,承認待ち
B2152,2025-04-22,E105,P003,図面修正,高,承認済
B2153,2025-07-26,E106,P003,部品変更,高,却下
B2154,2025-05-04,E102,P002,部品変更,中,却下
B2155,2025-12-19,E106,P001,コスト変更,低,却下
B2156,2025-04-09,E108,P005,コスト変更,高,申請中
B2157,2025-01-21,E105,P003,図面修正,中,承認済
B2158,2025-02-16,E103,P006,仕様変更,中,却下
B2159,2025-03-28,E103,P005,図面修正,低,承認待ち
B2160,2025-09-03,E106,P002,図面修正,低,承認済
B2161,2025-09-17,E105,P006,仕様変更,高,申請中
B2162,2025-12-23,E105,P003,コスト変更,低,承認待ち
B2163,2025-03-11,E106,P002,コスト変更,中,承認済
B2164,2025-04-22,E105,P003,仕様変更,高,申請中
B2165,2025-11-14,E106,P004,コスト変更,高,申請中
B2166,2025-09-12,E102,P005,コスト変更,高,承認済
B2167,2025-09-16,E105,P005,図面修正,低,申請中
B2168,2025-12-03,E108,P001,仕様変更,低,承認待ち
B2169,2025-09-28,E102,P005,コスト変更,低,承認待ち
B2170,2025-02-25,E106,P003,コスト変更,中,承認待ち
B2171,2025-11-11,E102,P002,図面修正,中,却下
B2172,2025-01-13,E108,P003,仕様変更,低,却下
B2173,2025-01-01,E103,P003,コスト変更,高,承認済
B2174,2025-04-19,E105,P005,コスト変更,低,承認待ち
B2175,2025-10-12,E108,P002,部品変更,高,承認待ち
B2176,2025-05-06,E102,P001,仕様変更,高,承認済
B2177,2025-02-11,E105,P002,部品変更,高,承認済
B2178,2025-03-14,E105,P002,部品変更,中,申請中
B2179,2025-03-15,E102,P004,仕様変更,中,承認待ち
B2180,2025-07-02,E106,P004,コスト変更,高,承認待ち
B2181,2025-07-19,E102,P001,部品変更,低,申請中
B2182,2025-03-25,E103,P001,コスト変更,低,承認済
B2183,2025-12-11,E106,P002,部品変更,高,承認済
B2184,2025-08-09,E108,P001,コスト変更,高,申請中
B2185,2025-07-26,E106,P004,仕様変更,中,承認済
B2186,2025-05-27,E102,P004,図面修正,高,申請中
B2187,2025-11-21,E106,P004,仕様変更,中,承認済
B2188,2025-01-05,E103,P002,仕様変更,高,承認待ち
B2189,2025-03-23,E106,P001,仕様変更,低,承認待ち
B2190,2025-12-22,E105,P003,コスト変更,高,却下
B2191,2025-03-06,E108,P002,部品変更,中,申請中
B2192,2025-03-01,E106,P002,図面修正,中,承認済
B2193,2025-05-20,E105,P001,仕様変更,中,申請中
B2194,2025-08-02,E103,P004,仕様変更,低,却下
B2195,2025-10-24,E108,P002,部品変更,高,申請中
B2196,2025-06-08,E102,P004,仕様変更,高,却下
B2197,2025-08-14,E108,P004,部品変更,低,申請中
B2198,2025-05-16,E106,P003,部品変更,中,承認済
B2199,2025-10-22,E102,P004,コスト変更,低,承認待ち
B2200,2025-03-08,E108,P002,部品変更,高,申請中
B2201,2025-12-04,E106,P003,仕様変更,高,承認待ち
B2202,2025-05-06,E105,P003,コスト変更,低,承認済
B2203,2025-03-11,E106,P003,部品変更,低,申請中
B2204,2025-12-26,E106,P006,仕様変更,高,承認待ち
B2205,2025-01-05,E102,P002,部品変更,中,承認済
B2206,2025-01-19,E106,P004,図面修正,高,却下
B2207,2025-08-07,E106,P005,図面修正,低,却下
B2208,2025-02-24,E105,P006,図面修正,中,承認待ち
B2209,2025-05-11,E106,P005,コスト変更,低,申請中
B2210,2025-11-28,E105,P005,図面修正,高,承認済
B2211,2025-07-21,E102,P005,部品変更,高,承認待ち
B2212,2025-08-27,E102,P001,図面修正,高,承認済
B2213,2025-05-15,E106,P005,仕様変更,低,承認待ち
B2214,2025-07-27,E108,P002,部品変更,低,承認待ち
B2215,2025-01-07,E105,P005,部品変更,低,申請中
B2216,2025-09-12,E108,P002,部品変更,中,承認待ち
B2217,2025-02-22,E103,P006,部品変更,低,承認待ち
B2218,2025-09-20,E106,P002,図面修正,高,却下
B2219,2025-05-13,E108,P004,コスト変更,中,承認済
B2220,2025-03-24,E105,P001,仕様変更,中,承認済
B2221,2025-04-24,E108,P005,仕様変更,高,却下
B2222,2025-03-05,E106,P002,部品変更,中,承認待ち
B2223,2025-11-14,E106,P005,部品変更,高,承認済
B2224,2025-02-08,E105,P002,コスト変更,高,承認待ち
B2225,2025-04-15,E103,P006,図面修正,中,申請中
B2226,2025-11-04,E108,P003,仕様変更,低,却下
B2227,2025-04-22,E106,P003,仕様変更,低,却下
B2228,2025-03-03,E105,P003,仕様変更,中,承認済
B2229,2025-02-21,E106,P004,部品変更,低,却下
B2230,2025-05-08,E108,P001,仕様変更,低,承認済
B2231,2025-04-28,E106,P006,コスト変更,中,申請中
B2232,2025-11-04,E105,P006,図面修正,中,承認済
B2233,2025-07-22,E105,P003,仕様変更,高,申請中
B2234,2025-12-26,E106,P002,コスト変更,高,却下
B2235,2025-11-09,E102,P006,コスト変更,低,却下
B2236,2025-10-17,E106,P001,仕様変更,低,申請中
B2237,2025-10-04,E102,P002,図面修正,低,却下
B2238,2025-07-23,E102,P003,コスト変更,中,申請中
B2239,2025-07-27,E106,P006,仕様変更,高,承認待ち
B2240,2025-01-21,E105,P001,図面修正,中,申請中
B2241,2025-12-15,E105,P003,図面修正,中,承認待ち
B2242,2025-05-15,E102,P003,コスト変更,低,承認済
B2243,2025-03-07,E108,P005,図面修正,低,却下
B2244,2025-06-25,E103,P004,仕様変更,中,承認済
B2245,2025-10-18,E103,P003,図面修正,高,申請中
B2246,2025-11-13,E105,P005,コスト変更,低,承認待ち
B2247,2025-07-07,E105,P006,コスト変更,中,承認済
B2248,2025-08-12,E103,P002,図面修正,高,申請中
B2249,2025-04-19,E105,P005,図面修正,低,承認待ち
B2250,2025-07-20,E102,P002,仕様変更,高,却下
B2251,2025-05-05,E105,P005,図面修正,中,承認待ち
B2252,2025-07-04,E105,P005,仕様変更,中,承認待ち
B2253,2025-08-27,E102,P002,部品変更,低,承認済
B2254,2025-01-16,E103,P006,部品変更,高,承認待ち
B2255,2025-08-21,E103,P002,仕様変更,中,承認待ち
B2256,2025-01-28,E108,P004,コスト変更,中,承認待ち
B2257,2025-07-06,E108,P005,コスト変更,低,却下
B2258,2025-12-09,E105,P003,コスト変更,中,承認済
B2259,2025-04-11,E108,P003,仕様変更,低,承認待ち
B2260,2025-06-28,E103,P005,部品変更,高,却下
B2261,2025-09-11,E102,P005,部品変更,低,承認済
B2262,2025-12-23,E108,P002,コスト変更,中,申請中
B2263,2025-08-20,E106,P004,コスト変更,高,承認待ち
B2264,2025-01-18,E106,P005,仕様変更,中,却下
B2265,2025-12-05,E102,P006,図面修正,高,承認済
B2266,2025-10-09,E102,P006,コスト変更,中,承認待ち
B2267,2025-07-07,E106,P003,図面修正,中,承認待ち
B2268,2025-10-26,E108,P004,部品変更,低,承認済
B2269,2025-01-20,E102,P006,図面修正,低,申請中
B2270,2025-02-20,E102,P005,コスト変更,低,承認待ち
B2271,2025-12-07,E103,P005,部品変更,高,申請中
B2272,2025-11-16,E102,P003,仕様変更,高,却下
B2273,2025-10-23,E106,P004,コスト変更,低,却下
B2274,2025-03-28,E105,P002,仕様変更,中,承認済
B2275,2025-03-23,E106,P003,コスト変更,高,承認待ち
B2276,2025-05-13,E103,P002,図面修正,低,申請中
B2277,2025-06-15,E102,P005,図面修正,高,申請中
B2278,2025-09-02,E105,P001,部品変更,高,申請中
B2279,2025-01-11,E106,P003,仕様変更,低,承認済
B2280,2025-02-06,E103,P006,コスト変更,高,承認待ち
B2281,2025-06-04,E103,P005,図面修正,低,承認待ち
B2282,2025-08-23,E103,P005,部品変更,中,申請中
B2283,2025-10-02,E108,P001,図面修正,中,申請中
B2284,2025-06-22,E103,P005,部品変更,高,却下
B2285,2025-04-20,E103,P005,図面修正,中,却下
B2286,2025-08-04,E108,P001,図面修正,高,承認済
B2287,2025-03-08,E106,P002,コスト変更,高,承認済
B2288,2025-01-16,E108,P001,仕様変更,低,承認済
B2289,2025-09-19,E108,P006,コスト変更,低,承認待ち
B2290,2025-05-11,E103,P004,部品変更,中,却下
B2291,2025-07-14,E106,P001,コスト変更,高,却下
B2292,2025-02-11,E108,P004,コスト変更,中,却下
B2293,2025-05-25,E102,P005,仕様変更,高,申請中
B2294,2025-05-19,E108,P005,部品変更,低,承認済
B2295,2025-12-02,E108,P001,仕様変更,中,却下
B2296,2025-04-12,E108,P001,コスト変更,低,承認待ち
B2297,2025-09-12,E102,P002,仕様変更,中,承認待ち
B2298,2025-04-23,E105,P001,部品変更,中,承認待ち
B2299,2025-10-21,E108,P001,仕様変更,中,承認待ち
B2300,2025-12-04,E105,P001,部品変更,低,承認済
B2301,2025-03-13,E103,P003,コスト変更,高,承認待ち
B2302,2025-03-20,E103,P005,図面修正,中,承認済
B2303,2025-04-21,E105,P004,仕様変更,中,却下
B2304,2025-07-09,E103,P004,図面修正,低,申請中
B2305,2025-11-23,E106,P001,コスト変更,高,承認待ち
B2306,2025-02-21,E102,P001,部品変更,中,申請中
B2307,2025-03-18,E105,P002,図面修正,低,却下
B2308,2025-05-18,E105,P003,図面修正,高,申請中
B2309,2025-07-27,E103,P001,コスト変更,高,承認待ち
B2310,2025-09-02,E106,P004,仕様変更,高,承認待ち
B2311,2025-01-27,E106,P002,仕様変更,低,申請中
B2312,2025-04-14,E108,P003,コスト変更,低,承認待ち
B2313,2025-08-20,E102,P006,部品変更,高,承認済
B2314,2025-01-19,E102,P002,図面修正,中,承認待ち
B2315,2025-06-15,E103,P006,仕様変更,中,却下
B2316,2025-03-10,E108,P001,部品変更,高,承認待ち
B2317,2025-06-22,E106,P001,コスト変更,高,承認待ち
B2318,2025-10-17,E105,P005,部品変更,高,承認済
B2319,2025-01-04,E102,P004,仕様変更,低,承認待ち
B2320,2025-12-11,E105,P001,部品変更,高,承認待ち
B2321,2025-01-13,E102,P005,仕様変更,中,申請中
B2322,2025-04-25,E102,P005,仕様変更,高,却下
B2323,2025-10-21,E106,P003,コスト変更,中,承認待ち
B2324,2025-11-16,E108,P003,図面修正,低,却下
B2325,2025-08-05,E106,P005,図面修正,高,承認待ち
B2326,2025-05-21,E103,P004,図面修正,高,承認済
B2327,2025-12-01,E106,P003,部品変更,高,却下
B2328,2025-07-23,E108,P002,コスト変更,高,承認済
B2329,2025-04-13,E106,P004,コスト変更,低,却下
B2330,2025-08-13,E106,P003,図面修正,中,却下
B2331,2025-03-24,E108,P002,部品変更,高,承認待ち
B2332,2025-10-07,E108,P003,コスト変更,低,却下
B2333,2025-06-21,E105,P002,コスト変更,高,却下
B2334,2025-02-18,E106,P003,コスト変更,高,承認待ち
B2335,2025-04-11,E108,P002,コスト変更,低,却下
B2336,2025-03-15,E102,P006,部品変更,中,承認待ち
B2337,2025-05-24,E108,P002,コスト変更,低,承認待ち
B2338,2025-03-14,E105,P004,部品変更,低,承認待ち
B2339,2025-08-11,E108,P005,仕様変更,低,申請中
B2340,2025-02-03,E102,P001,仕様変更,中,申請中
B2341,2025-06-12,E103,P006,部品変更,高,承認済
B2342,2025-02-12,E108,P003,コスト変更,中,承認済
B2343,2025-12-06,E105,P003,仕様変更,低,承認待ち
B2344,2025-03-06,E106,P001,コスト変更,高,却下
B2345,2025-12-09,E103,P001,部品変更,中,申請中
B2346,2025-01-05,E106,P004,コスト変更,中,承認待ち
B2347,2025-01-19,E105,P004,部品変更,中,申請中
B2348,2025-08-22,E108,P003,図面修正,高,承認済
B2349,2025-02-06,E103,P005,図面修正,低,却下
B2350,2025-03-04,E103,P006,図面修正,中,申請中
B2351,2025-06-20,E106,P001,コスト変更,高,承認済
B2352,2025-05-07,E108,P003,仕様変更,中,承認済
B2353,2025-03-02,E103,P006,図面修正,中,却下
B2354,2025-07-11,E102,P003,コスト変更,低,申請中
B2355,2025-06-18,E102,P002,仕様変更,低,申請中
B2356,2025-05-13,E103,P004,コスト変更,中,申請中
B2357,2025-12-22,E105,P006,コスト変更,中,承認済
B2358,2025-09-28,E106,P004,図面修正,高,承認済
B2359,2025-12-09,E108,P002,コスト変更,中,承認済
B2360,2025-02-15,E102,P006,図面修正,低,申請中
B2361,2025-01-26,E103,P001,部品変更,高,承認待ち
B2362,2025-06-03,E103,P005,部品変更,高,申請中
B2363,2025-01-24,E102,P006,図面修正,低,申請中
B2364,2025-03-19,E106,P006,図面修正,低,申請中
B2365,2025-10-04,E102,P006,部品変更,高,申請中
B2366,2025-03-03,E102,P001,コスト変更,低,承認待ち
B2367,2025-04-02,E102,P004,図面修正,低,承認待ち
B2368,2025-08-27,E103,P006,コスト変更,低,承認待ち
B2369,2025-08-10,E108,P001,コスト変更,高,申請中
B2370,2025-02-06,E103,P003,部品変更,低,承認待ち
B2371,2025-12-04,E102,P002,部品変更,中,承認待ち
B2372,2025-03-13,E108,P003,コスト変更,低,承認済
B2373,2025-04-14,E105,P003,部品変更,低,申請中
B2374,2025-11-22,E105,P003,部品変更,高,申請中
B2375,2025-02-16,E105,P006,仕様変更,低,却下
B2376,2025-02-22,E106,P001,仕様変更,中,承認済
B2377,2025-12-22,E108,P006,仕様変更,低,承認済
B2378,2025-12-27,E105,P004,図面修正,低,却下
B2379,2025-06-16,E105,P004,図面修正,低,承認待ち
B2380,2025-04-19,E103,P001,図面修正,中,却下
B2381,2025-08-11,E106,P004,コスト変更,中,承認待ち
B2382,2025-03-24,E106,P004,仕様変更,高,承認済
B2383,2025-07-28,E103,P004,図面修正,高,却下
B2384,2025-11-06,E103,P005,部品変更,高,申請中
B2385,2025-01-13,E106,P002,図面修正,中,承認待ち
B2386,2025-01-16,E106,P002,図面修正,低,承認済
B2387,2025-04-07,E106,P005,コスト変更,中,却下
B2388,2025-03-16,E102,P003,仕様変更,高,承認済
B2389,2025-12-16,E108,P003,部品変更,高,却下
B2390,2025-04-14,E106,P001,図面修正,低,承認待ち
B2391,2025-06-21,E105,P006,コスト変更,低,申請中
B2392,2025-10-05,E108,P003,図面修正,低,承認済
B2393,2025-12-28,E103,P003,コスト変更,高,申請中
B2394,2025-08-12,E106,P002,部品変更,中,承認待ち
B2395,2025-06-21,E106,P003,図面修正,低,承認済
B2396,2025-12-07,E103,P003,部品変更,低,承認待ち
B2397,2025-04-16,E108,P004,仕様変更,中,申請中
B2398,2025-07-25,E103,P005,図面修正,高,却下
B2399,2025-08-20,E105,P001,コスト変更,中,承認待ち
B2400,2025-05-23,E103,P003,仕様変更,中,承認待ち
B2401,2025-04-21,E102,P003,図面修正,低,却下
B2402,2025-09-05,E105,P003,コスト変更,中,承認待ち
B2403,2025-11-07,E108,P005,仕様変更,中,申請中
B2404,2025-12-07,E108,P005,図面修正,高,却下
B2405,2025-07-23,E102,P003,図面修正,高,承認待ち
B2406,2025-05-01,E102,P006,コスト変更,高,承認済
B2407,2025-08-25,E103,P004,コスト変更,低,承認待ち
B2408,2025-10-15,E105,P001,図面修正,中,承認済
B2409,2025-04-23,E108,P004,図面修正,高,承認待ち
B2410,2025-06-01,E102,P001,図面修正,低,却下
B2411,2025-06-05,E105,P006,コスト変更,低,申請中
B2412,2025-11-14,E105,P004,部品変更,中,申請中
B2413,2025-11-10,E105,P005,仕様変更,低,申請中
B2414,2025-12-23,E103,P004,仕様変更,高,承認待ち
B2415,2025-03-04,E108,P002,部品変更,高,承認済
B2416,2025-06-11,E102,P004,図面修正,高,却下
B2417,2025-07-18,E102,P005,コスト変更,低,却下
B2418,2025-12-05,E108,P001,部品変更,中,承認待ち
B2419,2025-02-25,E105,P002,部品変更,高,申請中
B2420,2025-01-21,E103,P004,仕様変更,高,承認待ち
B2421,2025-04-05,E103,P005,図面修正,中,却下
B2422,2025-11-22,E106,P001,図面修正,中,申請中
B2423,2025-11-23,E106,P005,仕様変更,高,承認待ち
B2424,2025-10-02,E103,P002,コスト変更,高,承認済
B2425,2025-12-03,E108,P003,部品変更,中,承認待ち
B2426,2025-03-18,E102,P006,図面修正,中,承認済
B2427,2025-09-13,E103,P002,図面修正,中,承認待ち
B2428,2025-06-09,E106,P001,図面修正,中,申請中
B2429,2025-08-20,E108,P004,部品変更,高,申請中
B2430,2025-01-13,E102,P006,部品変更,高,承認済
B2431,2025-12-22,E103,P005,図面修正,中,却下
B2432,2025-01-21,E103,P005,図面修正,高,申請中
B2433,2025-05-01,E103,P002,図面修正,高,却下
B2434,2025-12-13,E105,P004,コスト変更,低,承認待ち
B2435,2025-08-16,E108,P005,図面修正,低,承認待ち
B2436,2025-02-20,E102,P001,仕様変更,低,申請中
B2437,2025-01-09,E102,P003,コスト変更,中,承認待ち
B2438,2025-02-02,E105,P002,部品変更,中,承認済
B2439,2025-02-09,E106,P006,仕様変更,中,申請中
B2440,2025-02-10,E103,P003,コスト変更,高,申請中
B2441,2025-11-24,E102,P004,部品変更,高,申請中
B2442,2025-02-24,E103,P004,図面修正,中,申請中
B2443,2025-12-19,E106,P001,部品変更,高,申請中
B2444,2025-07-22,E106,P001,仕様変更,中,却下
B2445,2025-08-14,E103,P001,仕様変更,低,申請中
B2446,2025-05-23,E105,P006,コスト変更,高,承認済
B2447,2025-01-22,E105,P002,部品変更,低,却下
B2448,2025-01-21,E102,P005,コスト変更,低,却下
B2449,2025-04-23,E102,P003,図面修正,高,承認済
B2450,2025-08-27,E106,P005,部品変更,中,承認済
B2451,2025-12-18,E108,P002,図面修正,低,承認済
B2452,2025-07-06,E108,P004,図面修正,中,承認済
B2453,2025-05-05,E106,P006,コスト変更,中,却下
B2454,2025-02-20,E105,P002,図面修正,中,却下
B2455,2025-08-25,E108,P006,部品変更,高,承認済
B2456,2025-09-28,E103,P005,図面修正,低,承認待ち
B2457,2025-10-05,E103,P006,コスト変更,高,却下
B2458,2025-02-17,E108,P001,仕様変更,低,申請中
B2459,2025-05-18,E103,P006,部品変更,低,承認済
B2460,2025-08-04,E105,P006,図面修正,低,却下
B2461,2025-09-22,E106,P002,図面修正,低,却下
B2462,2025-12-25,E102,P002,コスト変更,高,承認待ち
B2463,2025-12-01,E108,P001,コスト変更,高,申請中
B2464,2025-12-10,E103,P004,図面修正,高,申請中
B2465,2025-04-01,E102,P001,図面修正,高,承認待ち
B2466,2025-03-27,E102,P001,図面修正,中,申請中
B2467,2025-07-12,E106,P001,図面修正,中,却下
B2468,2025-06-07,E105,P004,コスト変更,低,申請中
B2469,2025-11-16,E102,P004,図面修正,中,申請中
B2470,2025-05-23,E106,P004,仕様変更,中,承認済
B2471,2025-11-16,E102,P004,仕様変更,中,申請中
B2472,2025-08-09,E108,P001,仕様変更,高,申請中
B2473,2025-08-13,E105,P002,コスト変更,高,承認済
B2474,2025-05-18,E106,P002,コスト変更,高,申請中
B2475,2025-11-05,E108,P006,仕様変更,低,却下
B2476,2025-02-17,E103,P004,図面修正,低,却下
B2477,2025-09-21,E102,P003,仕様変更,低,却下
B2478,2025-03-15,E105,P002,仕様変更,中,承認済
B2479,2025-07-04,E103,P001,部品変更,中,却下
B2480,2025-04-01,E106,P006,部品変更,中,申請中
B2481,2025-05-06,E103,P003,コスト変更,高,却下
B2482,2025-12-04,E102,P002,部品変更,高,申請中
B2483,2025-08-16,E105,P006,コスト変更,高,承認済
B2484,2025-11-18,E102,P004,コスト変更,高,承認済
B2485,2025-07-18,E106,P001,仕様変更,高,承認済
B2486,2025-11-12,E106,P004,部品変更,高,申請中
B2487,2025-01-06,E102,P005,部品変更,低,承認待ち
B2488,2025-08-22,E108,P003,図面修正,中,申請中
B2489,2025-11-06,E108,P004,仕様変更,低,申請中
B2490,2025-04-07,E103,P003,部品変更,低,却下
B2491,2025-01-12,E102,P005,仕様変更,高,承認済
B2492,2025-10-17,E102,P003,部品変更,中,承認待ち
B2493,2025-08-26,E103,P002,コスト変更,中,却下
B2494,2025-04-04,E103,P004,仕様変更,高,承認待ち
B2495,2025-09-05,E102,P004,仕様変更,低,承認待ち
B2496,2025-04-21,E106,P006,図面修正,高,承認済
B2497,2025-07-02,E106,P001,図面修正,中,申請中
B2498,2025-04-22,E105,P004,コスト変更,低,承認待ち
B2499,2025-12-05,E106,P005,コスト変更,低,承認待ち
B2500,2025-04-20,E108,P003,コスト変更,高,却下
